,Unnamed: 0,ID,name,smiles,sol,sol_class
0,0,5,3-methylpentane,CCC(C)CC,-3.68,0
1,1,10,"2,4-dimethylpentane",CC(C)CC(C)C,-4.26,0
2,2,15,1-pentene,CCCC=C,-2.68,1
3,3,20,cyclohexene,C1CC=CCC1,-2.59,1
4,4,25,"1,4-pentadiene",C=CCC=C,-2.09,1
5,5,30,cycloheptatriene,C1=CC=CC=CC1,-2.15,1
6,6,35,1-octyne,CCCCCCC#C,-3.66,0
7,7,40,ethylbenzene,c1ccccc1CC,-2.77,1
8,8,45,"1,3,5-trimethylbenzene",c1c(C)cc(C)cc1C,-3.4,0
9,9,50,indane,c(c(ccc1)CC2)(c1)C2,-3.04,0
10,10,55,isobutylbenzene,c1ccccc1CC(C)C,-4.12,0
11,11,60,n-hexylbenzene,c1ccccc1CCCCCC,-5.21,0
12,12,65,bibenzyl,c1ccccc1CCc2ccccc2,-4.62,0
13,13,70,1-ethylnaphthalene,c1ccc2ccccc2c1CC,-4.17,0
14,14,75,"1,3-dimethylnaphthalene",c1c(C)cc2ccccc2c1C,-4.29,0
15,15,80,anthracene,c(c(ccc1)cc(c2ccc3)c3)(c1)c2,-6.35,0
16,16,85,"9,10-dimethylanthracene",Cc2c1ccccc1c(C)c3ccccc23,-6.57,0
17,17,90,naphthacene,c(c(cc(c1ccc2)c2)cc(c3ccc4)c4)(c1)c3,-8.6,0
18,18,95,chrysene,c1ccc2ccc3c4ccccc4ccc3c2c1,-8.06,0
19,19,100,"1,7-phenantroline",c1ccc2ccc3nccnc3c2c1,-2.68,1
20,20,105,6-aminochrysene,Nc3cc2c1ccccc1ccc2c4ccccc34,-6.2,0
21,21,110,3-methylcholanthrene,c(c(ccc1C)cc(c2ccc3cccc4)c34)(c1CC5)c25,-7.92,0
22,22,115,dibromomethane,BrCBr,-1.17,1
23,23,120,tetrachloromethane,ClC(Cl)(Cl)Cl,-2.31,1
24,24,125,"1,2-dichloroethane",ClCCCl,-1.06,1
25,25,130,"1,1,2,2-tetrachloroethane",ClC(Cl)C(Cl)Cl,-1.74,1
26,26,135,1-chloropropane,CCCCl,-1.47,1
27,27,140,2-iodopropane,CC(I)C,-2.09,1
28,28,145,"1,2-dibromopropane",BrCC(Br)C,-2.15,1
29,29,150,1-bromobutane,BrCCCC,-2.37,1
30,30,155,"2,3-dichlorobutane",CC(Cl)C(Cl)C,-2.7,1
31,31,160,1-bromo-3-methylbutane,BrCCC(C)C,-2.89,1
32,32,165,1-bromooctane,CCCCCCCCBr,-5.06,0
33,33,171,1-bromoheptane,CCCCCCCBr,-4.43,0
34,34,176,"1,2-dibromoethylene",BrC=CBr,-1.32,1
35,35,181,heptachlor,ClC1C=CC2C1C3(Cl)C(=C(Cl)C2(Cl)C3(Cl)Cl)Cl,-6.32,0
36,36,186,hexachlorobutadiene,ClC(Cl)=C(Cl)C(Cl)=C(Cl)Cl,-4.91,0
37,37,191,bromobenzene,c1ccccc1Br,-2.55,1
38,38,196,1-bromo-2-chlorobenzene,c1cccc(Cl)c1Br,-3.19,0
39,39,201,"1,3-dibromobenzene",c1ccc(Br)cc1Br,-3.54,0
40,40,206,"1,2,4-tribromobenzene",c1cc(Br)cc(Br)c1Br,-4.5,0
41,41,211,pentachlorobenzene,c1c(Cl)c(Cl)c(Cl)c(Cl)c1Cl,-5.65,0
42,42,216,m-difluorobenzene,c1ccc(F)cc1F,-2.0,1
43,43,221,4-chlorobiphenyl,c1ccccc1c2ccc(Cl)cc2,-5.2,0
44,44,226,"2,4ﾴ-PCB",c1cc(Cl)ccc1c2c(Cl)cccc2,-5.28,0
45,45,231,"2,2ﾴ,5-PCB",c1cccc(Cl)c1c2c(Cl)ccc(Cl)c2,-6.02,0
46,46,236,"2ﾴ,3,4-PCB",c1cc(Cl)c(Cl)cc1c2c(Cl)cccc2,-6.29,0
47,47,241,"2,3,4,5-PCB",c1ccccc1c2c(Cl)c(Cl)c(Cl)c(Cl)c2,-7.16,0
48,48,246,"2,2ﾴ,5,6ﾴ-PCB",c1c(Cl)ccc(Cl)c1c2c(Cl)cccc2Cl,-6.8,0
49,49,251,"2,2ﾴ,3,4,5ﾴ-PCB",c1c(Cl)ccc(Cl)c1c2c(Cl)c(Cl)c(Cl)cc2,-7.91,0
50,50,256,"2,3,4,5,6-PCB",Clc1c(Cl)c(Cl)c(Cl)c(Cl)c1c2ccccc2,-7.92,0
51,51,261,"2,2ﾴ,3,4,5,5ﾴ-PCB",c1c(Cl)ccc(Cl)c1c2c(Cl)c(Cl)c(Cl)c(Cl)c2,-7.68,0
52,52,266,"2,2ﾴ,3,3ﾴ,4,4ﾴ-PCB",c1cc(Cl)c(Cl)c(Cl)c1c2c(Cl)c(Cl)c(Cl)cc2,-8.01,0
53,53,271,"2,2ﾴ,3,3ﾴ,5,5ﾴ,6,6ﾴ-PCB",Clc1c(Cl)cc(Cl)c(Cl)c1c2c(Cl)c(Cl)cc(Cl)c2Cl,-9.15,0
54,54,276,"p,pﾴ-DDD",ClC(Cl)C(c1ccc(Cl)cc1)c2ccc(Cl)cc2,-7.2,0
55,55,281,2-bromonaphthalene,c(c(ccc1Br)ccc2)(c2)c1,-4.4,0
56,56,286,2-pentanol,CCCC(O)C,-0.29,2
57,57,291,"2,2-dimethyl-1-propanol",OCC(C)(C)C,-0.4,2
58,58,296,"2,3-dimethylbutanol",CC(C)C(C)CO,-0.39,2
59,59,301,4-methyl-1-pentanol,CC(C)CCCO,-1.14,1
60,60,306,"3,3-dimethyl-2-butanol",OC(C(C)(C)C)C,-0.62,2
61,61,311,2-heptanol,OC(CCCCC)C,-1.55,1
62,62,316,"2,4-dimethyl-1-pentanol",OCC(C)CC(C)C,-1.6,1
63,63,321,"2,4-dimethyl-3-pentanol",CC(C)C(O)(C)CC,-1.22,1
64,64,326,"2,3,3-trimethyl-2-butanol",CC(O)(C)C(C)(C)C,-0.72,2
65,65,331,3-methyl-3-heptanol,CCC(C)(O)CCCC,-1.6,1
66,66,336,1-decanol,OCCCCCCCCCC,-3.63,0
67,67,341,p-methylbenzyl_alcohol,OCc(ccc(c1)C)c1,-1.2,1
68,68,346,"1,2-benzenediol",Oc(c(O)ccc1)c1,0.62,2
69,69,351,m-cresol,c1ccc(C)cc1O,-0.68,2
70,70,356,thymol,Oc(c(ccc1C)C(C)C)c1,-2.22,1
71,71,361,2-naphthol,Oc(ccc(c1ccc2)c2)c1,-2.28,1
72,72,366,butanal,CCCC=O,-0.01,2
73,73,371,nonanal,O=CCCCCCCCC,-3.17,0
74,74,376,furfural,O=CC(OC=C1)=C1,-0.1,2
75,75,381,cyclohexanone,O=C(CCCC1)C1,-0.6,2
76,76,386,2-nonanone,O=C(CCCCCCC)C,-2.58,1
77,77,391,"2,5-cyclohexadiene-1,4-dione",C1(=O)C=CC(=O)C=C1,-0.99,2
78,78,396,benzophenone,O=C(c(cccc1)c1)c(cccc2)c2,-3.12,0
79,79,401,succinic_acid,O=C(O)CCC(=O)O,-0.2,2
80,80,406,caprinic_acid,CCCCCCCCCC(=O)O,-3.44,0
81,81,411,m-toluic_acid,O=C(O)c(cccc1C)c1,-2.14,1
82,82,416,cinnamic_acid,O=C(O)C=Cc(cccc1)c1,-2.48,1
83,83,421,1-naphthaceneacetic_acid,O=C(O)Cc(c(c(ccc1)cc2)c1)c2,-2.65,1
84,84,426,diphenylacetic_acid,O=C(O)C(c(cccc1)c1)c(cccc2)c2,-3.22,0
85,85,431,tetradecanoic_acid,O=C(O)CCCCCCCCCCCCC,-5.33,0
86,86,436,ethyl_formate,O=COCC,0.15,2
87,87,441,ethyl_propionate,O=C(OCC)CC,-0.66,2
88,88,446,ethyl_butyrate,O=C(OCC)CCC,-1.28,1
89,89,451,propyl_butyrate,O=C(OCCC)CCC,-1.92,1
90,90,456,ethyl_capronate,O=C(OCC)CCCCC,-2.31,1
91,91,461,ethyl_nonanoate,O=C(OCC)CCCCCCCC,-3.8,0
92,92,466,methyl_benzoate,O=C(OC)c(cccc1)c1,-1.85,1
93,93,471,dibutyl_phthalate,O=C(OCCCC)c(c(ccc1)C(=O)OCCCC)c1,-4.4,0
94,94,476,diethyl_ether,CCOCC,-0.09,2
95,95,481,methyl_t-butyl_ether,COC(C)(C)C,-0.24,2
96,96,486,propyl_isopropyl_ether,CCCOC(C)C,-1.34,1
97,97,491,anisole,c1ccccc1OC,-1.85,1
98,98,496,styrene_oxide,O(C1c(cccc2)c2)C1,-1.6,1
99,99,501,2-butoxyethanol,CCCCOCCO,-0.42,2
100,100,506,hydrocortisone,O=C(C(O)(C(C(C(C(C(C(=CC(=O)C1)C2)(C1)C)C3O)C2)C4)(C3)C)C4)CO,-2.97,1
101,101,511,prednisolone_acetate,O=C1C=C2CCC3C4CCC(O)(C(=O)COC(=O)C)C4(C)CC(O)C3C2(C)C=C1,-4.37,0
102,102,516,deoxycorticosterone,C1C(=O)C=C2CCC3C4CCC(C(=O)CO)C4(C)CCC3C2(C)C1,-3.75,0
103,103,521,fludrocortisone,CC12CC(O)C3(F)C(CCC4=CC(=O)CCC43C)C2CCC1(O)C(=O)CO,-3.43,0
104,104,526,salicylic_acid,O=C(O)c(c(O)ccc1)c1,-1.82,1
105,105,531,ethyl-p-hydroxybenzoate,O=C(OCC)c(ccc(O)c1)c1,-2.35,1
106,106,536,2-chlorophenol,Oc(c(ccc1)Cl)c1,-1.06,1
107,107,541,"2,4,6-trichlorophenol",Clc1cc(Cl)cc(Cl)c1O,-2.34,1
108,108,546,p-chlorobenzoic_acid,O=C(O)c(ccc(c1)Cl)c1,-3.31,0
109,109,551,dieldrin,ClC4=C(Cl)C5(Cl)C3C1CC(C2OC12)C3C4(Cl)C5(Cl)Cl,-6.29,0
110,110,556,hexylamine,CCCCCCN,-1.1,1
111,111,561,n-octylamine,CCCCCCCCN,-2.75,1
112,112,566,N-methylaniline,c1ccccc1NC,-1.28,1
113,113,571,"N,N-dimethylaniline",c1ccccc1N(C)C,-1.92,1
114,114,576,1-naphthylamine,c(c(c(N)cc1)ccc2)(c2)c1,-1.92,1
115,115,581,"2,5-dimethylpyridine",c1c(C)ccc(C)n1,0.4,2
116,116,586,isoquinoline,c1ccc2cnccc2c1,-1.45,1
117,117,591,nicotinic_acid,O=C(O)c(cccn1)c1,-0.84,2
118,118,596,"2,6-dimethyl-4-pyrimidinamine",n1c(C)nc(N)cc1C,-1.28,1
119,119,601,pyrrole,c1cccn1(H),-0.17,2
120,120,606,2-mercaptobenzothiazole,N(c(c(S1)ccc2)c2)=C1S,-3.18,0
121,121,611,6-hydroxyquinoline,c1c(O)cc2cccnc2c1,-2.16,1
122,122,616,metharbital,CCC1(CC)C(=O)NC(=O)N(C)C1=O,-2.23,1
123,123,621,atropine,O=C(OC(CC(N(C1C2)C)C2)C1)C(c(cccc3)c3)CO,-2.12,1
124,124,626,furosemide,NS(=O)(=O)c2cc(C(O)=O)c(NCc1ccco1)cc2Cl,-3.66,0
125,125,631,amobarbital,CCC1(CCC(C)C)C(=O)NC(=O)NC1=O,-2.57,1
126,126,636,perphenazine,OCCN4CCN(CCCN2c1ccccc1Sc3ccc(Cl)cc23)CC4,-4.16,0
127,127,641,acetazoleamide,CC(=O)Nc1nnc(S(=O)(=O)N)s1,-2.36,1
128,128,646,arecoline,CN1CCC=C(C(=O)OC)C1,0.81,2
129,129,651,probarbital,C(C)(C)C1(CC)C(=O)NC(=O)NC1(=O),-2.21,1
130,130,656,sulfamethoxypyridazine,COc2ccc(NS(=O)(=O)c1ccc(N)cc1)nn2,-3.28,0
131,131,662,disulfiram,N(C(=S)SSC(N(CC)CC)=S)(CC)CC,-4.86,0
132,132,667,griseofulvin,COC1=CC(=O)CC(C)C13Oc2c(Cl)c(OC)cc(OC)c2C3=O,-4.61,0
133,133,672,sulfamethiazole,c1cc(N)ccc1S(=O)(=O)Nc2nnc(C)s2,-2.41,1
134,134,677,brucine,O=C(N(c(c(C1(C(N(C2)CC(C3C4C5OC6)=C6)C3)C2)cc(OC)c7OC)c7)C14)C5,-2.09,1
135,135,682,sulfaphenazole,Nc1ccc(cc1)S(=O)(=O)Nc2ccnn2c3ccccc3,-2.32,1
136,136,687,sulfamethoxazole,Cc1cc(NS(=O)(=O)c2ccc(N)cc2)no1,-2.62,1
137,137,692,sulfamethomidine,c1cc(N)ccc1S(=O)(=O)Nc2nc(C)nc(OC)c2,-2.54,1
138,138,697,oxycarboxin,c1ccccc1NC(=O)C2=C(C)OCCS2(=O)=O,-2.43,1
139,139,702,ketoprofen,O=C(c(cccc1C(C(=O)O)C)c1)c(cccc2)c2,-3.7,0
140,140,707,cimetidine,CNC(NCCSCc1ncnc1C)=NC#N,-1.35,1
141,141,712,caffeine,CN1C(=O)N(C)c2ncn(C)c2C1(=O),-0.97,2
142,142,717,cycloheximide,CC1CC(C)C(=O)C(C1)C(O)CC2CC(=O)NC(=O)C2,-1.13,1
143,143,722,piperazine,N(CCNC1)C1,1.07,2
144,144,727,hydantoin,O=C(NCC1=O)N1,-0.4,2
145,145,732,N-methylpyrrolidone,O=C1CCCN1C,1.0,2
146,146,737,2-aminophenol,c1cccc(N)c1O,-0.72,2
147,147,742,O-ethyl_carbamate,O=C(OCC)N,0.85,2
148,148,747,carbaryl,O=C(Oc(c(c(ccc1)cc2)c1)c2)NC,-3.28,0
149,149,752,N-methylurea,O=C(NC)N,1.13,2
150,150,757,acrylamide,O=C(N)C=C,0.96,2
151,151,762,4-hydroxyacetanilide,O=C(Nc(ccc(O)c1)c1)C,-1.03,1
152,152,767,2-nitropropane,CC(C)N(=O)=O,-0.62,2
153,153,772,1-nitronaphthalene,O=N(=O)c(c(c(ccc1)cc2)c1)c2,-3.54,0
154,154,777,4-nitrobenzoic_acid,O=C(O)c(ccc(N(=O)=O)c1)c1,-2.8,1
155,155,782,2-nitroaniline,O=N(=O)c(c(N)ccc1)c1,-1.96,1
156,156,787,3-chloroaniline,Clc(cccc1N)c1,-1.37,1
157,157,792,chlorothalonil,N#Cc(c(c(c(c1C#N)Cl)Cl)Cl)c1Cl,-5.64,0
158,158,797,fluridone,CN1C=C(c2ccccc2)C(=O)C(c3cc(C(F)(F)F)ccc3)=C1,-4.44,0
159,159,802,propanil,CCC(=O)Nc1ccc(Cl)c(Cl)c1,-3.0,0
160,160,807,alachlor,CCc1cccc(CC)c1N(COC)C(=O)CCl,-3.26,0
161,161,812,ethanethiol,CCS,-0.6,2
162,162,817,thiourea,NC(=S)N,0.32,2
163,163,822,asulam,COC(=O)NS(=O)(=O)c1ccc(N)cc1,-1.66,1
164,164,827,trichlorfon,COP(=O)(OC)C(O)C(Cl)(Cl)Cl,-0.22,2
165,165,832,fenthion,COP(=S)(OC)Oc1ccc(SC)c(C)c1,-4.57,0
166,166,837,fenitrothion,COP(=S)(OC)Oc1ccc(N(=O)=O)c(C)c1,-4.04,0
167,167,842,iodofenphos,COP(=S)(OC)Oc1cc(Cl)c(I)cc1Cl,-6.62,0
168,168,848,hyocholic_acid,C1C(O)CC2C(O)C(O)C3C4CCC(C(C)CCC(=O)O)C4(C)CCC3C2(C)C1,-4.35,0
169,169,853,2-methylpiperazine,N(CCNC1C)C1,0.74,2
170,170,858,4-chloroacetanilide,O=C(Nc(ccc(c1)Cl)c1)C,-2.84,1
171,171,863,4-nitroacetanilide,O=C(Nc(ccc(c1)N(=O)=O)c1)C,-2.69,1
172,172,868,hydrastine,COc2ccc1C(OC(=O)c1c2OC)C4N(C)CCc5cc3OCOc3cc45,-4.11,0
173,173,873,nitrazepam,O=C3CN=C(c1ccccc1)c2cc(ccc2N3)N(=O)=O,-3.8,0
174,174,878,dichlorphen,Oc(c(cc(c1)Cl)Cc(c(O)ccc2Cl)c2)c1,-3.95,0
175,175,883,picloram,Nc1c(Cl)c(Cl)nc(C(O)=O)c1Cl,-2.75,1
176,176,888,L-tyrosine,O=C(O)C(N)Cc(ccc(O)c1)c1,-2.57,1
177,177,893,diallate,CC(C)N(C(C)C)C(=O)SCC(Cl)=CCl,-4.08,0
178,178,898,butyl-p-hydroxybenzoate,O=C(OCCCC)c(ccc(O)c1)c1,-2.72,1
179,179,903,propyl_gallate,O=C(OCCC)c(cc(O)c(O)c1O)c1,-1.78,1
180,180,908,pentyl-4-aminobenzoate,CCCCCOC(=O)c1ccc(N)cc1,-3.26,0
181,181,913,p-terphenyl,c(c(cccc1)c1)(ccc(c(cccc2)c2)c3)c3,-7.11,0
182,182,918,2-chloroacetanilide,O=C(Nc(c(ccc1)Cl)c1)C,-1.4,1
183,183,923,coniine,N(C(CCC1)CC)C1,-1.5,1
184,184,928,estragole,O(c(ccc(c1)CC=C)c1)C,-2.92,1
185,185,933,tetrachloroguaiacol,Clc1c(Cl)c(Cl)c(Cl)c(O)c1OC,-4.02,0
186,186,938,Rhodanine,O=C(NC(=S)S1)C1,-1.77,1
187,187,943,"2,3,4,5-Tetraiodpyrrol",Ic1c(nc(c1I)I)I,-3.46,0
188,188,948,Cytosine,N1C(=O)N=C(N)C=C1,-1.14,1
189,189,953,L-Asparagine,O=C(O)C(N)CC(=O)N,-0.74,2
190,190,958,Diethyl_Sulfone,CCS(=O)(=O)CC,0.04,2
191,191,963,4-Hydroxypyridine,n1ccc(O)cc1,1.02,2
192,192,968,6-Methyluracil,N1C(=O)NC(=O)C=C1C,-1.26,1
193,193,973,L-Arabinose,O(C(O)C(O)C(O)C1O)C1,0.39,2
194,194,978,2-Mercaptopteridine,c1cnc2c(S)ncnc2n1,-2.36,1
195,195,983,Benzenesulfonamide,O=S(=O)(N)c(cccc1)c1,-1.56,1
196,196,988,Thiram,N(C(=S)SSC(N(C)C)=S)(C)C,-3.9,0
197,197,993,"trans-2,5-Dimethylpiperazine",N1C(C)CNC(C)C1,0.49,2
198,198,998,m-Iodobenzoic_Acid,O=C(O)c(cccc1I)c1,-3.27,0
199,199,1003,2-Methoxypteridine,c1cnc2c(OC)ncnc2n1,-1.11,1
200,200,1008,7-Methylthiopteridine,c1c(SC)nc2cncnc2n1,-1.55,1
201,201,1013,Propylthiouracil,N1C(=S)NC(=O)C=C1CCC,-2.15,1
202,202,1018,Chlorquinox,Clc1c(Cl)c(Cl)c2nccnc2c1Cl,-5.43,0
203,203,1023,"2,4-D",O=C(O)COc(c(cc(c1)Cl)Cl)c1,-2.51,1
204,204,1028,Methyl_Salicylate,O=C(OC)c(c(O)ccc1)c1,-2.34,1
205,205,1033,N-Methylanthranilic_Acid,O=C(O)c(c(NC)ccc1)c1,-2.88,1
206,206,1038,Phenetole,c1ccccc1OCC,-2.33,1
207,207,1043,Tyramine,NCCc1ccc(O)cc1,-1.12,1
208,208,1048,"6-Methyl-2,4-heptadione",CC(C)CC(=O)CC(=O)C,-1.6,1
209,209,1053,"cis-1,2-Dimethylcyclohexane",C1C(C)C(C)CCC1,-4.27,0
210,210,1058,Benazolin,OC(=O)CN1C(=O)Sc2cccc(Cl)c12,-2.61,1
211,211,1063,DL-2-(2-Chlorophenoxy)propionic_Acid,OC(=O)C(Oc1cc(Cl)ccc1)C,-2.22,1
212,212,1068,Methyl-4-methoxybenzoate,O=C(OC)c(ccc(OC)c1)c1,-2.41,1
213,213,1073,Dulcin,CCOc1ccc(NC(N)=O)cc1,-2.17,1
214,214,1078,Pelargonic_Acid,O=C(O)CCCCCCCC,-2.75,1
215,215,1083,Pyrazon,c1ccccc1N2C(=O)C(Cl)=C(N)C=N2,-2.87,1
216,216,1088,Sulfadiazine,O=S(=O)(Nc(nccc1)n1)c(ccc(N)c2)c2,-3.51,0
217,217,1093,p-Acetoxy-acetanilide,CC(=O)Nc1ccc(OC(C)=O)cc1,-1.91,1
218,218,1098,"5,6,7,8-Tetrahydro-2-naphthol",Oc1cc2CCCCc2cc1,-1.99,1
219,219,1103,Carvacrol,Oc(c(ccc1C(C)C)C)c1,-2.08,1
220,220,1108,d-Fenchone,O=C(C(CC1C2)(C2)C)C1(C)C,-1.85,1
221,221,1113,l-Menthone,O=C(C(CCC1C)C(C)C)C1,-2.49,1
222,222,1118,"2,4-Dimethylquinoline",n(c(c(c(c1)C)ccc2)c2)c1C,-1.94,1
223,223,1123,Dinitramine,CCN(CC)c1c(cc(c(N)c1N(=O)=O)C(F)(F)F)N(=O)=O,-5.47,0
224,224,1128,Dimethyl_Carbate,C1=CC(C2)C(C(=O)OC)C(C(=O)OC)C12,-1.2,1
225,225,1133,Phenbutamide,c1ccccc1S(=O)(=O)NC(=O)NCCCC,-3.05,0
226,226,1138,Ethirimol,CCCCc1c(C)nc(NCC)nc1O,-3.02,0
227,227,1143,Quinonamid,c1ccc2C(=O)C(Cl)=C(NC(=O)C(Cl)Cl)C(=O)c2c1,-5.03,0
228,228,1148,Quinhydrone,O=C1C=CC(c2cc(ccc2O)O)(C=C1)O,-1.73,1
229,229,1153,Etryptamine,c1ccc2c(CC(CC)N)cn(H)c2c1,-2.57,1
230,230,1158,4-Hexylresorcinol,Oc(c(ccc1O)CCCCCC)c1,-2.59,1
231,231,1163,Benodanil,Ic1ccccc1C(=O)Nc2ccccc2,-4.21,0
232,232,1168,Benfluralin,CCCCN(CC)c1c(cc(cc1N(=O)=O)C(F)(F)F)N(=O)=O,-5.53,0
233,233,1173,Bupirimate,CCCCc1c(C)nc(NCC)nc1OS(=O)(=O)N(C)C,-4.16,0
234,234,1178,"o,p'-DDT",Clc1ccc(cc1)C(c2ccccc2Cl)C(Cl)(Cl)Cl,-6.62,0
235,235,1183,Diphenic_Acid,O=C(O)c(c(c(c(ccc1)C(=O)O)c1)ccc2)c2,-2.28,1
236,236,1188,Benzoin,c1ccccc1C(=O)Oc2ccccc2,-2.85,1
237,237,1193,Pindone,O=C(C(C(=O)c(c1ccc2)c2)C1=O)C(C)(C)C,-4.11,0
238,238,1198,Methapyrilene,CN(C)CCN(Cc1cccs1)c2ccccn2,-2.64,1
239,239,1203,Morin,Oc1cc(O)c2C(=O)C(O)=C(c3ccc(O)cc3O)Oc2c1,-3.08,0
240,240,1208,Bendroflumethiazide,NS(=O)(=O)c3cc2c(NC(Cc1ccccc1)NS2(=O)=O)cc3C(F)(F)F,-3.59,0
241,241,1213,Oxadiazon,CC(C)Oc1cc(c(Cl)cc1Cl)N2N=C(OC2=O)C(C)(C)C,-5.69,0
242,242,1218,Metolachlor,CCc1cccc(C)c1N(C(C)COC)C(=O)CCl,-2.73,1
243,243,1223,Hematein,O=C1C=C2CC3(O)COc4c(O)c(O)ccc4C3=C2C=C1O,-2.7,1
244,244,1228,Fenarimol,n(cc(C(O)(c(ccc(c1)Cl)c1)c(c(ccc2)Cl)c2)cn3)c3,-4.38,0
245,245,1233,Antazoline,N1CCN=C1CN(c2ccccc2)Cc3ccccc3,-2.6,1
246,246,1237,Dienestrol,c1cc(O)ccc1C(C=C)C(C=C)c2ccc(O)cc2,-4.95,0
247,247,1242,Hexestrol,c1cc(O)ccc1C(CC)C(CC)c2ccc(O)cc2,-4.43,0
248,248,1253,Hydrocinchonine,c12ccccc1nccc2C(O)C3N(C4)CCC(C4CC)C3,-2.63,1
249,249,1258,Epitiostanol,C1(S5)C5CC2CCC3C4CCC(O)C4(C)CCC3C2(C)C1,-5.41,0
250,250,1264,Prochlorperazine,CN4CCN(CCCN2c1ccccc1Sc3ccc(Cl)cc23)CC4,-4.4,0
251,251,1270,Abietic_Acid,O=C(O)C(C(C(C(C(=C1)C=C(C2)C(C)C)C2)(CC3)C)C1)(C3)C,-3.8,0
252,252,1275,Ethisterone,C1C(=O)C=C2CCC3C4CCC(O)(C#C)C4(C)CCC3C2(C)C1,-5.66,0
253,253,1280,Ethyl_Biscoumacetate,c1ccc2OC(=O)C(C(C(=O)OCC)C3=C(O)c4ccccc4OC3=O)=C(O)c2c1,-3.66,0
254,254,1285,Amikacin,NCCC(O)C(=O)NC2CC(N)C(OC1OC(CN)C(O)C(O)C1O)C(O)C2OC3OC(CO)C(O)C(N)C3O,-0.5,2
255,255,1290,Glyburide,c1c(Cl)ccc(OC)c1C(=O)NCCc2ccc(S(=O)(=O)NC(=O)NC3CCCCC3)cc2,-5.09,0
256,256,1295,Diosgenin,C1C(O)CC2=CCC3C4CC5OC6(OCC(C)CC6)C(C)C5C4(C)CCC3C2(C)C1,-7.32,0
257,257,1,n-pentane,CCCCC,-3.18,0
258,258,2,cyclopentane,C1CCCC1,-2.64,1
259,259,3,n-hexane,CCCCCC,-3.84,0
260,260,4,2-methylpentane,CCCC(C)C,-3.74,0
261,261,6,"2,2-dimethylbutane",CCC(C)(C)C,-3.55,0
262,262,7,cyclohexane,C1CCCCC1,-3.1,0
263,263,8,methylcyclopentane,C1CCCC1C,-3.3,0
264,264,9,n-heptane,CCCCCCC,-4.53,0
265,265,11,methylcyclohexane,C1CCCCC1C,-3.85,0
266,266,12,n-octane,CCCCCCCC,-5.24,0
267,267,13,cycloheptane,C1CCCCCC1,-3.52,0
268,268,14,cyclooctane,C1CCCCCCC1,-4.15,0
269,269,16,trans-2-pentene,CCC=CC,-2.54,1
270,270,17,cyclopentene,C1CC=CC1,-2.1,1
271,271,18,1-hexene,CCCCC=C,-3.23,0
272,272,19,4-methyl-1-pentene,CC(C)CC=C,-3.24,0
273,273,21,trans-2-heptene,CCCCC=CC,-3.82,0
274,274,22,1-methylcyclohexene,C1CC=C(C)CC1,-3.27,0
275,275,23,1-octene,CCCCCCC=C,-4.44,0
276,276,24,1-nonene,CCCCCCCC=C,-5.05,0
277,277,26,"1,5-hexadiene",C=CCCC=C,-2.68,1
278,278,27,"2-methyl-1,3-butadiene",C=C(C)C=C,-2.03,1
279,279,28,"1,3-butadiene",C=CC=C,-1.87,1
280,280,29,"1,4-cyclohexadiene",C1C=CCC=C1,-1.97,1
281,281,31,D-limonene,C(=CCC(C(=C)C)C1)(C1)C,-4.0,0
282,282,32,1-pentyne,CCCC#C,-1.64,1
283,283,33,1-hexyne,CCCCC#C,-2.36,1
284,284,34,1-heptyne,CCCCCC#C,-3.01,0
285,285,36,1-nonyne,CCCCCCCC#C,-4.24,0
286,286,37,benzene,c1ccccc1,-1.64,1
287,287,38,toluene,c1ccccc1C,-2.21,1
288,288,39,o-xylene,c1cccc(C)c1C,-2.8,1
289,289,41,p-xylene,c1cc(C)ccc1C,-2.77,1
290,290,42,m-xylene,c1ccc(C)cc1C,-2.82,1
291,291,43,n-propylbenzene,c1ccccc1CCC,-3.37,0
292,292,44,"1,2,4-trimethylbenzene",c1cc(C)cc(C)c1C,-3.31,0
293,293,46,"1,2,3-trimethylbenzene",c1ccc(C)c(C)c1C,-3.2,0
294,294,47,1-ethyl-2-methylbenzene,c1cccc(C)c1CC,-3.21,0
295,295,48,1-ethyl-4-methylbenzene,c1cc(C)ccc1CC,-3.11,0
296,296,49,isopropylbenzene,c1ccccc1C(C)C,-3.27,0
297,297,51,n-butylbenzene,c1ccccc1CCCC,-4.06,0
298,298,52,"1,4-diethylbenzene",c1cc(CC)ccc1CC,-3.75,0
299,299,53,p-isopropyltoluene,c1cc(C)ccc1C(C)C,-3.77,0
300,300,54,t-butylbenzene,c1ccccc1C(C)(C)C,-3.66,0
301,301,56,2-butylbenzene,c1ccccc1C(C)CC,-3.89,0
302,302,57,pentamethylbenzene,c1c(C)c(C)c(C)c(C)c1C,-4.0,0
303,303,58,n-pentylbenzene,c1ccccc1CCCCC,-4.64,0
304,304,59,t-amylbenzene,c1ccccc1C(CC)(C)C,-4.15,0
305,305,61,styrene,c1ccccc1C=C,-2.82,1
306,306,62,biphenyl,c1ccccc1c2ccccc2,-4.31,0
307,307,63,diphenylmethane,c1ccccc1Cc2ccccc2,-4.17,0
308,308,64,fluorene,c(c(c(c1ccc2)c2)ccc3)(c3)C1,-4.91,0
309,309,66,1-methylfluorene,c1ccc2c3ccccc3Cc2c1C,-5.22,0
310,310,67,naphthalene,c1ccc2ccccc2c1,-3.6,0
311,311,68,2-methylnaphthalene,Cc1ccc2ccccc2c1,-3.77,0
312,312,69,1-methylnaphthalene,c1ccc2ccccc2c1C,-3.7,0
313,313,71,2-ethylnaphthalene,CCc1ccc2ccccc2c1,-4.29,0
314,314,72,"1,5-dimethylnaphthalene",c1ccc2c(C)cccc2c1C,-4.74,0
315,315,73,"2,3-dimethylnaphthalene",Cc1c(C)cc2ccccc2c1,-4.72,0
316,316,74,acenaphthylene,c1ccc2cccc3c2c1C=C3,-3.96,0
317,317,76,"1,4-dimethylnaphthalene",c1cc(C)c2ccccc2c1C,-4.14,0
318,318,77,"2,6-dimethylnaphthalene",Cc1ccc2cc(C)ccc2c1,-4.89,0
319,319,78,acenaphthene,c1ccc2cccc3c2c1CC3,-4.63,0
320,320,79,"1,4,5-trimethylnaphthalene",c1cc(C)c2c(C)cccc2c1C,-4.92,0
321,321,81,phenantherene,c(c(c(c(c1)ccc2)c2)ccc3)(c1)c3,-5.26,0
322,322,82,9-methylanthracene,c(c(c(c(c1ccc2)c2)C)ccc3)(c3)c1,-5.89,0
323,323,83,2-methylanthracene,Cc1cc2cc3ccccc3cc2cc1,-6.96,0
324,324,84,pyrene,c(c(c(cc1)ccc2)c2cc3)(c1ccc4)c34,-6.19,0
325,325,86,fluoranthene,c(c(ccc1)ccc2)(c1c(c3ccc4)c4)c23,-6.0,0
326,326,87,"1,2,3,6,7,8-hexahydropyrene",c1c(CC3)c2c(C3)ccc(CC4)c2c(C4)c1,-5.96,0
327,327,88,benzo(a)fluorene,C3c1ccccc1c4ccc2ccccc2c34,-6.68,0
328,328,89,benzo(b)fluorene,c1ccc2c3cc4ccccc4cc3Cc2c1,-8.04,0
329,329,91,triphenylene,c1ccc2c3ccccc3c4ccccc4c2c1,-6.74,0
330,330,92,benzo(a)pyrene,c(c(c(cc1)ccc2)c2cc3)(c3cc(c4ccc5)c5)c14,-8.19,0
331,331,93,"7,12-dimethylbenz(a)anthracene",c(c(c(c(c1)ccc2)c2)c(c(c3ccc4)c4)C)(c3C)c1,-7.02,0
332,332,94,benzo(e)pyrene,c1ccc2c(c1)c4cccc5ccc3cccc2c3c45,-7.8,0
333,333,96,perylene,c(c(ccc1)ccc2)(c1c(c(c(cc3)ccc4)c45)c3)c25,-8.8,0
334,334,97,benzo(ghi)perylene,c16cccc2ccc3ccc4ccc5cccc6c5c4c3c12,-9.03,0
335,335,98,carbazole,n(H)(c(c(c1cccc2)ccc3)c3)c12,-4.97,0
336,336,99,dibenzothiophene,s(c(c(c1cccc2)ccc3)c3)c12,-4.38,0
337,337,101,"13H-dibenzo(a,i)carbazole",c1ccc4c(c1)ccc5c3ccc2ccccc2c3n(H)c45,-7.42,0
338,338,104,2-aminoanthracene,Nc3ccc2cc1ccccc1cc2c3,-5.17,0
339,339,106,2-ethylanthracene,c1cc2cc3cc(CC)ccc3cc2cc1,-6.89,0
340,340,107,benzo(b)fluoranthene,c12ccccc1cc3c4ccccc4c5c3c2ccc5,-8.23,0
341,341,108,benzo(j)fluoranthene,c1ccc4c(c1)ccc5c2cccc3cccc(c23)c45,-8.0,0
342,342,109,benzo(k)fluoranthene,c2ccc1cc3c(cc1c2)c4cccc5cccc3c45,-8.49,0
343,343,111,"dibenz(a,h)anthracene",c(c(c(c(c1)ccc2)c2)cc(c3c(c(c4)ccc5)c5)c4)(c1)c3,-8.66,0
344,344,112,iodomethane,CI,-1.0,1
345,345,113,dichloromethane,ClCCl,-0.63,2
346,346,114,bromochloromethane,BrCCl,-0.89,2
347,347,116,chloroform,ClC(Cl)Cl,-1.17,1
348,348,117,bromodichloromethane,ClC(Br)Cl,-1.54,1
349,349,118,chlorodibromomethane,ClC(Br)Br,-1.9,1
350,350,119,bromoform,BrC(Br)Br,-1.91,1
351,351,121,tetrabromomethane,BrC(Br)(Br)Br,-3.14,0
352,352,122,bromoethane,CCBr,-1.09,1
353,353,123,iodoethane,CCI,-1.6,1
354,354,124,"1,1-dichloroethane",ClC(Cl)C,-1.29,1
355,355,126,1-chloro-2-bromoethane,ClCCBr,-1.32,1
356,356,127,"1,2-dibromoethane",BrCCBr,-1.68,1
357,357,128,"1,1,1-trichloroethane",ClC(Cl)(Cl)C,-2.0,1
358,358,129,"1,1,2-trichloroethane",ClC(Cl)CCl,-1.48,1
359,359,131,"1,1,1,2-tetrachloroethane",ClC(Cl)(Cl)CCl,-2.18,1
360,360,132,pentachloroethane,ClC(Cl)(Cl)C(Cl)Cl,-2.6,1
361,361,133,"1,1,2-trichlorotrifluoroethane",ClC(Cl)(F)C(F)(F)Cl,-3.04,0
362,362,134,hexachloroethane,ClC(Cl)(Cl)C(Cl)(Cl)Cl,-3.67,0
363,363,136,2-chloropropane,CC(Cl)C,-1.41,1
364,364,137,1-bromopropane,CCCBr,-1.73,1
365,365,138,2-bromopropane,CC(Br)C,-1.59,1
366,366,139,1-iodopropane,CCCI,-2.29,1
367,367,141,"1,3-dichloropropane",ClCCCCl,-1.62,1
368,368,142,"1,2-dichloropropane",ClCC(Cl)C,-1.6,1
369,369,143,1-bromo-3-chloropropane,BrCCCCl,-1.85,1
370,370,144,"1,3-dibromopropane",BrCCCBr,-2.08,1
371,371,146,"1,2-dibromo-3-chloropropane",BrCC(Br)CCl,-2.38,1
372,372,147,"1,2,3-trichloropropane",ClCC(Cl)CCl,-1.92,1
373,373,148,1-chlorobutane,CCCCCl,-2.03,1
374,374,149,2-chlorobutane,CC(Cl)CC,-1.96,1
375,375,151,1-iodobutane,ICCCC,-2.96,1
376,376,152,1-chloro-2-methylpropane,CC(C)CCl,-2.0,1
377,377,153,1-bromo-2-methylpropane,CC(C)CBr,-2.43,1
378,378,154,"1,1-dichlorobutane",ClC(Cl)CCC,-2.4,1
379,379,156,1-chloropentane,CCCCCCl,-2.73,1
380,380,157,2-chloropentane,CC(Cl)CCC,-2.63,1
381,381,158,3-chloropentane,CCC(Cl)CC,-2.63,1
382,382,159,2-chloro-2-methylbutane,CC(C)(Cl)CC,-2.51,1
383,383,161,"2,3-dichloro-2-methylbutane",CC(C)(Cl)C(Cl)C,-2.69,1
384,384,162,1-chlorohexane,CCCCCCCl,-3.12,0
385,385,163,1-bromopentane,CCCCCBr,-3.07,0
386,386,164,1-bromohexane,CCCCCCBr,-3.81,0
387,387,166,bromocyclohexane,C1CCCCC1Br,-2.3,1
388,388,167,halothane,FC(F)(F)C(Cl)Br,-1.71,1
389,389,168,"1,2-dichlorotetrafluoroethane",FC(F)(C(F)(F)Cl)Cl,-3.12,0
390,390,169,gamma-hexachlorocyclohexane,C(C(C(C(C1Cl)Cl)Cl)Cl)(C1Cl)Cl,-4.59,0
391,391,172,1-chloroheptane,CCCCCCCCl,-3.99,0
392,392,173,1-iodoheptane,CCCCCCCI,-4.81,0
393,393,174,"1,1-dichloroethylene",ClC(Cl)=C,-1.64,1
394,394,175,"1,2-dichloroethylene",ClC=CCl,-1.3,1
395,395,177,"1,2-diiodoethylene",IC=CI,-3.22,0
396,396,178,trichloroethylene,ClC=C(Cl)Cl,-1.96,1
397,397,179,tetrachloroethylene,ClC(Cl)=C(Cl)Cl,-2.54,1
398,398,180,3-chloropropylene,C=CCCl,-1.36,1
399,399,182,heptachlor_epoxide,ClC2C1OC1C3C2C4(Cl)C(=C(Cl)C3(Cl)C4(Cl)Cl)Cl,-6.29,0
400,400,183,aldrin,ClC3=C(Cl)C4(Cl)C2C1CC(C=C1)C2C3(Cl)C4(Cl)Cl,-7.33,0
401,401,184,endrin,ClC4=C(Cl)C5(Cl)C3C1CC(C2OC12)C3C4(Cl)C5(Cl)Cl,-6.18,0
402,402,185,3-bromopropylene,C=CCBr,-1.5,1
403,403,187,hexachlorocyclopentadiene,C(=C(C(=C1Cl)Cl)Cl)(C1(Cl)Cl)Cl,-5.18,0
404,404,188,pentachlorobutadiene,ClC(=C(C=C(Cl)Cl)Cl)Cl,-4.23,0
405,405,189,fluorobenzene,c1ccccc1F,-1.8,1
406,406,190,chlorobenzene,c1ccccc1Cl,-2.38,1
407,407,192,1-fluoro-4-iodobenzene,c1cc(I)ccc1F,-3.13,0
408,408,193,"1,4-dichlorobenzene",c1cc(Cl)ccc1Cl,-3.27,0
409,409,194,"1,2-dichlorobenzene",c1cccc(Cl)c1Cl,-3.05,0
410,410,195,"1,3-dichlorobenzene",c1ccc(Cl)cc1Cl,-3.04,0
411,411,197,1-bromo-3-chlorobenzene,c1ccc(Cl)cc1Br,-3.21,0
412,412,198,1-bromo-4-chlorobenzene,c1cc(Cl)ccc1Br,-3.63,0
413,413,199,"1,4-dibromobenzene",c1cc(Br)ccc1Br,-4.07,0
414,414,200,"1,2-dibromobenzene",c1cccc(Br)c1Br,-3.5,0
415,415,202,"1,2,4-trichlorobenzene",c1cc(Cl)cc(Cl)c1Cl,-3.59,0
416,416,203,"1,2,3-trichlorobenzene",c1ccc(Cl)c(Cl)c1Cl,-4.0,0
417,417,204,"1,3,5-trichlorobenzene",c1c(Cl)cc(Cl)cc1Cl,-4.48,0
418,418,205,"1,2,3-tribromobenzene",c1ccc(Br)c(Br)c1Br,-5.04,0
419,419,207,"1,2,3,5-tetrafluorobenzene",c1c(F)cc(F)c(F)c1F,-2.31,1
420,420,208,"1,2,4,5-tetrafluorobenzene",c1c(F)c(F)cc(F)c1F,-2.38,1
421,421,209,"1,2,3,5-tetrachlorobenzene",c1c(Cl)cc(Cl)c(Cl)c1Cl,-4.63,0
422,422,210,"1,2,3,4-tetrachlorobenzene",c1cc(Cl)c(Cl)c(Cl)c1Cl,-4.57,0
423,423,212,iodobenzene,c1ccccc1I,-2.78,1
424,424,213,p-bromotoluene,c1cc(Br)ccc1C,-3.19,0
425,425,214,p-fluorobenzyl_chloride,c1cc(F)ccc1CCl,-2.54,1
426,426,215,p-difluorobenzene,c1cc(F)ccc1F,-1.97,1
427,427,217,m-bromotoluene,c1ccc(Br)cc1C,-3.52,0
428,428,218,o-chlorotoluene,c1cccc(Cl)c1C,-3.52,0
429,429,219,alfa-chlorotoluene,c1ccccc1CCl,-2.39,1
430,430,220,p-chlorotoluene,c1cc(Cl)ccc1C,-3.08,0
431,431,222,2-chlorobiphenyl,c1ccccc1c2c(Cl)cccc2,-4.54,0
432,432,223,3-chlorobiphenyl,c1ccccc1c2cc(Cl)ccc2,-4.88,0
433,433,224,"4,4ﾴ-PCB",c1cc(Cl)ccc1c2ccc(Cl)cc2,-6.56,0
434,434,225,"2,2ﾴ-PCB",c1cccc(Cl)c1c2c(Cl)cccc2,-5.27,0
435,435,227,"3,3ﾴ-PCB",c1ccc(Cl)cc1c2cc(Cl)ccc2,-5.8,0
436,436,228,"3,4-PCB",c1ccccc1c2cc(Cl)c(Cl)cc2,-6.39,0
437,437,229,"2,4-PCB",c1ccccc1c2c(Cl)cc(Cl)cc2,-5.25,0
438,438,230,"2,6-PCB",c1ccccc1c2c(Cl)cccc2Cl,-5.21,0
439,439,232,"2,4,5-PCB",c1ccccc1c2c(Cl)cc(Cl)c(Cl)c2,-6.27,0
440,440,233,"2,4ﾴ,5-PCB",c1cc(Cl)ccc1c2c(Cl)ccc(Cl)c2,-6.25,0
441,441,234,"2,4,6-PCB",c1ccccc1c2c(Cl)cc(Cl)cc2Cl,-6.14,0
442,442,235,"2,3ﾴ,5-PCB",c1ccc(Cl)cc1c2c(Cl)ccc(Cl)c2,-6.01,0
443,443,237,"2,3,4ﾴ-PCB",c1cc(Cl)ccc1c2c(Cl)c(Cl)ccc2,-6.26,0
444,444,238,"2,4,4ﾴ-PCB",c1cc(Cl)ccc1c2c(Cl)cc(Cl)cc2,-6.21,0
445,445,239,"2,3,6-PCB",c1ccccc1c2c(Cl)c(Cl)ccc2Cl,-6.29,0
446,446,240,"2,2ﾴ,3,3ﾴ-PCB",c1ccc(Cl)c(Cl)c1c2c(Cl)c(Cl)ccc2,-7.28,0
447,447,242,"2,3ﾴ,4,4ﾴ-PCB",c1cc(Cl)c(Cl)cc1c2c(Cl)cc(Cl)cc2,-7.8,0
448,448,243,"2,2ﾴ,3,5ﾴ-PCB",c1ccc(Cl)c(Cl)c1c2c(Cl)ccc(Cl)c2,-6.47,0
449,449,244,"2,2ﾴ,4,5ﾴ-PCB",c1cc(Cl)cc(Cl)c1c2c(Cl)ccc(Cl)c2,-6.57,0
450,450,245,"2,2ﾴ,5,5ﾴ-PCB",c1c(Cl)ccc(Cl)c1c2c(Cl)ccc(Cl)c2,-7.0,0
451,451,247,"2,2ﾴ,6,6ﾴ-PCB",Clc1cccc(Cl)c1c2c(Cl)cccc2Cl,-7.39,0
452,452,248,"2,3ﾴ,4ﾴ,5-PCB",c1cc(Cl)c(Cl)cc1c2c(Cl)ccc(Cl)c2,-7.25,0
453,453,249,"2,2ﾴ,4,4ﾴ-PCB",c1cc(Cl)cc(Cl)c1c2c(Cl)cc(Cl)cc2,-6.51,0
454,454,250,"2,2ﾴ,3,3ﾴ,4-PCB",c1cc(Cl)c(Cl)cc1c2c(Cl)c(Cl)c(Cl)cc2,-7.05,0
455,455,252,"2,2,4,6,6ﾴ-PCB",Clc1cccc(Cl)c1c2c(Cl)cc(Cl)cc2Cl,-7.32,0
456,456,253,"2,3ﾴ,4,4ﾴ,5-PCB",c1cc(Cl)c(Cl)cc1c2c(Cl)cc(Cl)c(Cl)c2,-7.39,0
457,457,254,"2,2ﾴ,3,4,5-PCB",c1c(Cl)c(Cl)c(Cl)c(Cl)c1c2c(Cl)cccc2,-7.21,0
458,458,255,"2,2ﾴ,3,4,6-PCB",Clc1cc(Cl)c(Cl)c(Cl)c1c2c(Cl)cccc2,-7.43,0
459,459,257,"2,2ﾴ,4,4ﾴ5,5ﾴ-PCB",c1c(Cl)c(Cl)cc(Cl)c1c2c(Cl)cc(Cl)c(Cl)c2,-8.56,0
460,460,258,"2,2ﾴ,3,3ﾴ,6,6ﾴ-PCB",Clc1cc(Cl)c(Cl)cc1c2c(Cl)c(Cl)ccc2Cl,-8.65,0
461,461,259,"2,2ﾴ,3,3ﾴ,5ﾴ,6-PCB",Clc1cc(Cl)c(Cl)cc1c2c(Cl)c(Cl)cc(Cl)c2,-8.6,0
462,462,260,"2,2ﾴ,3,4,4ﾴ,5ﾴ-PCB",c1cc(Cl)c(Cl)c(Cl)c1c2c(Cl)cc(Cl)c(Cl)c2,-8.32,0
463,463,262,"2,2ﾴ,3,5,5ﾴ,6-PCB",Clc1c(Cl)cc(Cl)c(Cl)c1c2c(Cl)ccc(Cl)c2,-7.42,0
464,464,263,"2,2ﾴ,4,4ﾴ,6,6ﾴ-PCB",Clc1c(Cl)cc(Cl)cc1c2c(Cl)cc(Cl)cc2Cl,-8.71,0
465,465,264,"2,3,3ﾴ,4,4ﾴ,5-PCB",c1cc(Cl)c(Cl)cc1c2c(Cl)c(Cl)c(Cl)c(Cl)c2,-7.82,0
466,466,265,"2,3,3ﾴ,4,4ﾴ6-PCB",c1cc(Cl)c(Cl)cc1c2c(Cl)c(Cl)c(Cl)cc2Cl,-7.66,0
467,467,267,"2,2ﾴ,3,3ﾴ,4,5-PCB",c1ccc(Cl)c(Cl)c1c2c(Cl)c(Cl)c(Cl)c(Cl)c2,-8.42,0
468,468,268,"2,2ﾴ,3,4,4ﾴ,5ﾴ,6-PCB",Clc1cc(Cl)c(Cl)c(Cl)c1c2c(Cl)cc(Cl)c(Cl)c2,-7.92,0
469,469,269,"2,2ﾴ,3,3ﾴ,4,4ﾴ,6-PCB",c1cc(Cl)c(Cl)c(Cl)c1c2c(Cl)c(Cl)c(Cl)cc2Cl,-8.3,0
470,470,270,"2,2ﾴ,3,4,5,5ﾴ,6-PCB",c1c(Cl)ccc(Cl)c1c2c(Cl)c(Cl)c(Cl)c(Cl)c2Cl,-8.94,0
471,471,272,"2,2ﾴ,3,3ﾴ,4,4ﾴ,5,5ﾴ-PCB",c1c(Cl)c(Cl)c(Cl)c(Cl)c1c2c(Cl)c(Cl)c(Cl)c(Cl)c2,-9.16,0
472,472,273,"2,2ﾴ,3,3ﾴ,4,4ﾴ,5,5ﾴ,6-PCB",c1c(Cl)c(Cl)c(Cl)c(Cl)c1c2c(Cl)c(Cl)c(Cl)c(Cl)c2Cl,-10.26,0
473,473,274,"2,2ﾴ,3,3ﾴ,4,5,5ﾴ,6,6ﾴ-PCB",Clc1c(Cl)c(Cl)c(Cl)c(Cl)c1c2c(Cl)c(Cl)cc(Cl)c2Cl,-10.41,0
474,474,275,"2,2ﾴ,3,3ﾴ,4,4ﾴ,5,5ﾴ,6,6ﾴ-PCB",Clc1c(Cl)c(Cl)c(Cl)c(Cl)c1c2c(Cl)c(Cl)c(Cl)c(Cl)c2Cl,-11.62,0
475,475,277,"p,pﾴ-DDE",ClC(Cl)=C(c1ccc(Cl)cc1)c2ccc(Cl)cc2,-6.9,0
476,476,278,2-chloronaphthalene,c(c(ccc1Cl)ccc2)(c2)c1,-4.14,0
477,477,279,1-chloronaphthalene,c1ccc2ccccc2c1Cl,-3.93,0
478,478,280,1-bromonapthtalene,c1ccc2ccccc2c1Br,-4.35,0
479,479,282,1-butanol,CCCCO,0.0,2
480,480,283,2-butanol,CCC(O)C,0.43,2
481,481,284,2-methylpropanol,OCC(C)C,0.04,2
482,482,285,1-pentanol,CCCCCO,-0.6,2
483,483,287,3-pentanol,CCC(O)CC,-0.24,2
484,484,288,2-ethyl-2-propanol,CC(O)(CC)C,0.08,2
485,485,289,2-methyl-1-butanol,CCC(C)CO,-0.47,2
486,486,290,isopentanol,OCCC(C)C,-0.52,2
487,487,292,3-methyl-2-butanol,OC(C(C)C)C,-0.2,2
488,488,293,1-hexanol,CCCCCCO,-1.24,1
489,489,294,3-hexanol,CCC(O)CCC,-0.8,2
490,490,295,2-hexanol,CC(O)CCCC,-0.89,2
491,491,297,2-methyl-3-pentanol,CCC(O)C(C)C,-0.7,2
492,492,298,4-methyl-2-pentanol,OC(CC(C)C)C,-0.8,2
493,493,299,2-methyl-2-pentanol,OC(CCC)(C)C,-0.49,2
494,494,300,2-methyl-1-pentanol,OCC(CCC)C,-1.11,1
495,495,302,"2,2-dimethyl-1-butanol",CCC(C)(C)CO,-1.04,1
496,496,303,"3,3-dimethyl-1-butanol",OCCC(C)(C)C,-0.5,2
497,497,304,2-ethyl-1-butanol,OCC(CC)CC,-1.17,1
498,498,305,3-methyl-2-pentanol,CC(O)C(C)CC,-0.72,2
499,499,307,3-methyl-3-pentanol,OC(CC)(CC)C,-0.38,2
500,500,308,"2,3-dimethyl-2-butanol",CC(O)(C)C(C)C,-0.41,2
501,501,309,cyclohexanol,C1CCCCC1O,-0.44,2
502,502,310,1-heptanol,OCCCCCCC,-1.81,1
503,503,312,3-heptanol,CCCCC(O)CC,-1.47,1
504,504,313,4-heptanol,CCCC(O)CCC,-1.4,1
505,505,314,"2,4-dimethyl-2-pentanol",CC(O)(C)CC(C)C,-0.92,2
506,506,315,"2,2-dimethyl-1-pentanol",OCC(C)(C)CCC,-1.52,1
507,507,317,"4,4-dimethyl-1-pentanol",OCCCC(C)(C)C,-1.55,1
508,508,318,5-methyl-2-hexanol,CC(O)CCC(C)C,-1.38,1
509,509,319,2-methyl-2-hexanol,CCCCC(O)(C)C,-1.08,1
510,510,320,"2,2-dimethyl-3-pentanol",CC(C)(C)C(O)CC,-1.15,1
511,511,322,3-methyl-3-hexanol,CCC(O)(C)CCC,-1.0,1
512,512,323,"2,3-dimethyl-2-pentanol",CC(O)(C)C(C)CC,-0.89,2
513,513,324,"2,3-dimethyl-3-pentanol",CC(C)C(C)(O)CC,-0.85,2
514,514,325,3-ethyl-3-pentanol,OC(CC)(CC)CC,-0.85,2
515,515,327,1-octanol,OCCCCCCCC,-2.39,1
516,516,328,2-octanol,OC(CCCCCC)C,-2.09,1
517,517,329,2-ethyl-1-hexanol,OCC(CCCC)CC,-2.11,1
518,518,330,3-methyl-2-heptanol,CCCCC(C)C(C)O,-1.72,1
519,519,332,"2,2,3-trimethyl-3-pentanol",CC(C)(C)C(O)(C)CC,-1.27,1
520,520,333,2-methyl-2-heptanol,CC(O)(C)CCCCC,-1.72,1
521,521,334,2-phenylethanol,c1ccccc1CCO,-0.74,2
522,522,335,benzhydrol,OC(c(cccc1)c1)c(cccc2)c2,-2.55,1
523,523,337,dodecanol,OCCCCCCCCCCCC,-4.67,0
524,524,338,3-phenylpropanol,OCCCc(cccc1)c1,-1.38,1
525,525,339,2-phenoxyethanol,OCCOc(cccc1)c1,-0.71,2
526,526,340,1-nonanol,OCCCCCCCCC,-3.01,0
527,527,342,4-methylcyclohexanol,OC(CCC(C1)C)C1,-0.88,2
528,528,343,"2,6-dichlorobenzyl_alcohol",c1c(Cl)c(CO)c(Cl)cc1,-2.1,1
529,529,344,phenol,Oc(cccc1)c1,0.0,2
530,530,345,"1,3-benzenediol",Oc(cccc1O)c1,0.81,2
531,531,347,"1,4-benzenediol",c1cc(O)ccc1O,-0.17,2
532,532,348,o-cresol,Oc(c(ccc1)C)c1,-0.62,2
533,533,349,phenylmethanol,c1ccccc1CO,-0.4,2
534,534,350,p-cresol,c1cc(C)ccc1O,-0.7,2
535,535,352,salicyl_alcohol,OCc(c(O)ccc1)c1,-0.29,2
536,536,353,1-phenylethanol,OC(c1ccccc1)C,-0.92,2
537,537,354,"2,4-dimethylphenol",c1cc(C)cc(C)c1O,-1.19,1
538,538,355,"3,5-dimethylphenol",c1c(C)cc(C)cc1O,-1.4,1
539,539,357,p-t-butylphenol,Oc(ccc(c1)C(C)(C)C)c1,-2.41,1
540,540,358,p-phenylphenol,Oc(ccc(c(cccc1)c1)c2)c2,-3.48,0
541,541,359,diphenylolpropane,Oc(ccc(c1)C(c(ccc(O)c2)c2)(C)C)c1,-2.82,1
542,542,360,1-naphthol,Oc(c(c(ccc1)cc2)c1)c2,-2.22,1
543,543,362,"naphthalene-1,5-diol",Oc(c(c(c(O)cc1)cc2)c1)c2,-2.92,1
544,544,363,o-ethylphenol,Oc(c(ccc1)CC)c1,-1.36,1
545,545,364,2-phenylphenol,Oc(c(c(cccc1)c1)ccc2)c2,-2.39,1
546,546,365,propanal,CCC=O,0.58,2
547,547,367,pentanal,CCCCC=O,-0.85,2
548,548,368,hexanal,O=CCCCCC,-1.3,1
549,549,369,heptanal,O=CCCCCCC,-1.7,1
550,550,370,octanal,O=CCCCCCCC,-2.36,1
551,551,372,acrolein,O=CC=C,0.57,2
552,552,373,2-butenal,O=CC=CC,0.32,2
553,553,374,benzaldehyde,O=Cc(cccc1)c1,-1.19,1
554,554,375,piperonal,O=Cc(ccc(OCO1)c12)c2,-1.63,1
555,555,377,2-butanone,O=C(CC)C,0.52,2
556,556,378,2-pentanone,O=C(CCC)C,-0.19,2
557,557,379,2-hexanone,O=C(CCCC)C,-0.8,2
558,558,380,4-methyl-2-pentanone,O=C(CC(C)C)C,-1.42,1
559,559,382,2-heptanone,O=C(CCCCC)C,-1.42,1
560,560,383,4-heptanone,O=C(CCC)CCC,-1.3,1
561,561,384,2-octanone,O=C(CCCCCC)C,-2.05,1
562,562,385,5-nonanone,O=C(CCCC)CCCC,-2.59,1
563,563,387,1-hexen-3-one,O=C(C=C)CCC,-0.83,2
564,564,388,isophorone,O=C(C=C(CC1(C)C)C)C1,-1.06,1
565,565,389,5-methyl-2-hexanone,O=C(CCC(C)C)C,-1.33,1
566,566,390,propiophenone,O=C(c(cccc1)c1)CC,-1.83,1
567,567,392,"2,4-pentanedione",CC(=O)CC(=O)C,0.22,2
568,568,393,2-decanone,O=C(CCCCCCCC)C,-3.31,0
569,569,394,progesterone,O=C(C(C(C(C(C(C(C(=CC(=O)C1)C2)(C1)C)C3)C2)C4)(C3)C)C4)C,-4.43,0
570,570,395,acetophenone,O=C(c(cccc1)c1)C,-1.28,1
571,571,397,anthraquinone,O=C(c(c(C(=O)c1cccc2)ccc3)c3)c12,-5.19,0
572,572,398,acetic_acid,CC(=O)O,1.22,2
573,573,399,oxalic_acid,OC(=O)C(=O)O,0.38,2
574,574,400,butyric_acid,CCCC(=O)O,-0.19,2
575,575,402,glutaric_acid,O=C(O)CCCC(=O)O,1.0,2
576,576,403,caproic_acid,O=C(O)CCCCC,-1.06,1
577,577,404,adipic_acid,O=C(O)CCCCC(=O)O,-0.82,2
578,578,405,caprylic_acid,O=C(O)CCCCCCC,-2.3,1
579,579,407,vulvic_acid,O=C(O)CCCCCCCCCCC,-4.62,0
580,580,408,methacrylic_acid,O=C(O)C(=C)C,0.01,2
581,581,409,sorbic_acid,O=C(O)C=CC=CC,-1.77,1
582,582,410,benzoic_acid,O=C(O)c(cccc1)c1,-1.55,1
583,583,412,p-toluic_acid,c1cc(C)ccc1C(=O)O,-2.6,1
584,584,413,o-toluic_acid,c1cccc(C)c1C(=O)O,-2.06,1
585,585,414,phenylacetic_acid,O=C(O)Cc(cccc1)c1,-0.89,2
586,586,415,o-phthalic_acid,O=C(O)c(c(ccc1)C(=O)O)c1,-2.11,1
587,587,417,palmitic_acid,O=C(O)CCCCCCCCCCCCCCC,-6.81,0
588,588,418,benzilic_acid,O=C(O)C(O)(c(cccc1)c1)c(cccc2)c2,-2.21,1
589,589,419,gibberellic_acid,O=C(OC(C1C(C2(CC(O)(C3=C)CC4)C3)C(=O)O)(C24)C=CC5O)C15C,-1.84,1
590,590,420,isobutyric_acid,O=C(O)C(C)C,0.28,2
591,591,422,indole-3-acetic_acid,O=C(O)CC(c(c(N1(H))ccc2)c2)=C1,-2.07,1
592,592,423,2-ethylbutyric_acid,O=C(O)C(CC)CC,-0.81,2
593,593,424,valproic_acid,CCCC(CCC)C(O)=O,-1.86,1
594,594,425,cyclohexanecarboxylic_acid,O=C(O)C(CCCC1)C1,-1.45,1
595,595,427,phenoxyacetic_acid,O=C(O)COc(cccc1)c1,-1.1,1
596,596,428,undedecanoic_acid,O=C(O)CCCCCCCCCC,-3.55,0
597,597,429,undecylic_acid,O=C(O)CCCCCCCCC=C,-3.4,0
598,598,430,hippuric_acid,O=C(NCC(=O)O)c(cccc1)c1,-1.68,1
599,599,432,thiophene-3-carboxylic_acid,OC(=O)c1ccsc1,-1.47,1
600,600,433,2-furoic_acid,O=C(O)C(OC=C1)=C1,-0.48,2
601,601,434,methyl_formate,O=COC,0.58,2
602,602,435,methyl_acetate,O=C(OC)C,0.52,2
603,603,437,ethyl_acetate,O=C(OCC)C,-0.04,2
604,604,438,propyl_formate,O=COCCC,-0.49,2
605,605,439,methyl_propionate,O=C(OC)CC,-0.14,2
606,606,440,propyl_acetate,O=C(OCCC)C,-0.72,2
607,607,442,methyl_butyrate,O=C(OC)CCC,-0.82,2
608,608,443,isobutyl_formate,O=COCC(C)C,-1.01,1
609,609,444,isopropyl_acetate,O=C(OC(C)C)C,-0.55,2
610,610,445,butyl_acetate,O=C(OCCCC)C,-1.24,1
611,611,447,methyl_valerate,O=C(OC)CCCC,-1.36,1
612,612,448,isobutyl_acrylate,O=C(OCC(C)C)C=C,-1.21,1
613,613,449,diethyl_malonate,O=C(OCC)CC(=O)OCC,-0.82,2
614,614,450,amyl_acetate,O=C(OCCCCC)C,-1.89,1
615,615,452,methyl_capronate,O=C(OC)CCCCC,-2.0,1
616,616,453,ethyl_valerate,O=C(OCC)CCCC,-1.75,1
617,617,454,isoamyl_acetate,O=C(OCCC(C)C)C,-1.92,1
618,618,455,hexyl_acetate,O=C(OCCCCCC)C,-2.46,1
619,619,457,methyl_caprylate,O=C(OC)CCCCCCC,-3.39,0
620,620,458,ethyl_heptylate,O=C(OCC)CCCCCC,-2.71,1
621,621,459,glyceryl_triacetate,O=C(OCC(OC(=O)C)COC(=O)C)C,-0.6,2
622,622,460,ethyl_caprylate,O=C(OCC)CCCCCCC,-3.39,0
623,623,462,ethyl_caprinate,O=C(OCC)CCCCCCCCC,-4.1,0
624,624,463,methyl_acrylate,O=C(OC)C=C,-0.22,2
625,625,464,ethyl_acrylate,O=C(OCC)C=C,-0.74,2
626,626,465,methyl_methacrylate,O=C(OC)C(=C)C,-0.8,2
627,627,467,ethyl_benzoate,O=C(OCC)c(cccc1)c1,-2.32,1
628,628,468,dimethyl_phthalate,O=C(OC)c(c(ccc1)C(=O)OC)c1,-1.66,1
629,629,469,propyl_benzoate,O=C(OCCC)c(cccc1)c1,-2.67,1
630,630,470,diethyl_phthalate,O=C(OCC)c(c(ccc1)C(=O)OCC)c1,-2.35,1
631,631,472,diisobutyl_phthalate,O=C(OCC(C)C)c(c(ccc1)C(=O)OCC(C)C)c1,-4.66,0
632,632,473,di-(2-ethylhexyl)-phthalate,O=C(OCC(CCCC)CC)c(c(ccc1)C(=O)OCC(CCCC)CC)c1,-6.96,0
633,633,474,benzyl_butyl_phthalate,O=C(OCc(cccc1)c1)c(c(ccc2)C(=O)OCCCC)c2,-5.64,0
634,634,475,dimethoxymethane,COCOC,0.48,2
635,635,477,methyl_propyl_ether,COCCC,-0.39,2
636,636,478,methyl_isopropyl_ether,COC(C)C,-0.06,2
637,637,479,methyl_butyl_ether,COCCCC,-0.99,2
638,638,480,ethyl_propyl_ether,CCOCCC,-0.66,2
639,639,482,ethyl_isopropyl_ether,CCOC(C)C,-0.55,2
640,640,483,tetrahydropyran,O(CCCC1)C1,-0.03,2
641,641,484,dipropyl_ether,CCCOCCC,-1.62,1
642,642,485,diisopropyl_ether,O(C(C)C)C(C)C,-1.1,1
643,643,487,"1,2-diethoxyethane",CCOCCOCC,-0.77,2
644,644,488,"1,1-diethoxyethane",O(C(OCC)C)CC,-0.43,2
645,645,489,dibutyl_ether,CCCCOCCCC,-1.85,1
646,646,490,ethyl_vinyl_ether,CCOC=C,-0.85,2
647,647,492,diphenyl_ether,c1ccccc1Oc2ccccc2,-3.96,0
648,648,493,dibenzo-p-dioxine,o2c1ccccc1oc3ccccc23,-5.31,0
649,649,494,ditolyl_ether,Cc1cccc(c1)Oc2cccc(c2)C,-4.85,0
650,650,495,propylene_oxide,O(C1C)C1,-0.59,2
651,651,497,tetrahydrofuran,O(CCC1)C1,0.56,2
652,652,498,2-methyltetrahydrofuran,O(C(CC1)C)C1,0.11,2
653,653,499,furan,O1C=CC=C1,-0.82,2
654,654,500,dibenzofuran,o(c(c(c1cccc2)ccc3)c3)c12,-4.6,0
655,655,502,citric_acid,O=C(O)C(O)(CC(=O)O)CC(=O)O,0.51,2
656,656,503,glucose,OCC1C(O)C(O)C(O)C(O)O1,0.74,2
657,657,504,fructose,O1CC(O)C(O)C(O)C1(O)CO,0.64,2
658,658,505,cortisone,CC13CCC(=O)C=C1CCC4C2CCC(O)(C(=O)CO)C2(C)CC(=O)C34,-3.11,0
659,659,507,dexamethasone,C1(=O)C=C2CCC3C4CC(C)C(O)(C(=O)CO)C4(C)CC(O)C3(F)C2(C)C=C1,-3.64,0
660,660,508,hydrocortisone_acetate,CC(=O)OCC(=O)C3(O)CCC4C2CCC1=CC(=O)CCC1(C)C2C(=O)CC34C,-4.3,0
661,661,509,prednisolone,C1C2=CC(=O)C=CC2(C)C3C(O)CC4(C)C(O)(C(=O)CO)CCC4C3C1,-3.21,0
662,662,510,spironolactone,O=C(OC(C(C(C(C(C(C(=CC(=O)C1)C2)(C1)C)C3)C2SC(=O)C)C4)(C3)C)(C4)C5)C5,-4.28,0
663,663,512,estrone,O=C(C(C(C(C(c(c(cc(O)c1)C2)c1)C3)C2)C4)(C3)C)C4,-3.96,0
664,664,513,deoxycorticosterone_acetate,C1C(=O)C=C2CCC3C4CCC(C(=O)COC(=O)C)C4(C)CCC3C2(C)C1,-4.63,0
665,665,514,17-methyltestosterone,O=C(C=C(C(C(C(C(C(C(O)(C)C1)(C2)C)C1)C3)C2)(C4)C)C3)C4,-3.99,0
666,666,515,androstenedione,C1C(=O)C=C2CCC3C4CCC(=O)C4(C)CCC3C2(C)C1,-3.69,0
667,667,517,triamcinolone_diacetate,O=C1C=C2CCC3C4CC(OC(=O)C)C(O)(C(=O)COC(=O)C)C4(C)CC(O)C3(F)C2(C)C=C1,-4.13,0
668,668,518,17-a-hydroxyprogesterone,CC(=O)C3(O)CCC4C2CCC1=CC(=O)CCC1(C)C2CCC34C,-4.71,0
669,669,519,triamcinolone_acetonide,O=C1C=C2CCC3C4CC5OC(C)(C)OC5(C(=O)CO)C4(C)CC(O)C3(F)C2(C)C=C1,-4.32,0
670,670,520,triamcinolone,CC34CC(O)C1(F)C(CCC2=CC(=O)C=CC12C)C3CC(O)C4(O)C(=O)CO,-3.69,0
671,671,522,betamethasone,C1=CC(=O)C=C2CCC3C4CC(C)C(O)(C(=O)CO)C4(C)CC(O)C3(F)C12C,-3.77,0
672,672,523,fluoromethasone,CC1CC2C3CCC(O)(C(=O)C)C3(C)CC(O)C2(F)C4(C)C=CC(=O)C=C14,-4.1,0
673,673,524,dexamethasone-17-acetate,C1(=O)C=C2CCC3C4CC(C)C(O)(C(=O)COC(=O)C)C4(C)CC(O)C3(F)C2(C)C=C1,-4.9,0
674,674,525,betamethasone-17-valerate,C1=CC(=O)C=C2CCC3C4CC(C)C(OC(=O)CCCC)(C(=O)CO)C4(C)CC(O)C3(F)C12C,-4.71,0
675,675,527,o-methoxyphenol,O(c(c(O)ccc1)c1)C,-1.96,1
676,676,528,p-hydroxybenzoic_acid,O=C(O)c(ccc(O)c1)c1,-1.41,1
677,677,529,p-hydroxybenzaldehyde,O=Cc(ccc(O)c1)c1,-0.96,2
678,678,530,p-methoxybenzaldehyde,O=Cc(ccc(OC)c1)c1,-1.49,1
679,679,532,salicin,O(C(C(O)C(O)C1O)CO)C1Oc(c(ccc2)CO)c2,-0.85,2
680,680,533,phenyl_salicylate,O=C(Oc(cccc1)c1)c(c(O)ccc2)c2,-3.15,0
681,681,534,"1,3-dichloro-2-propanol",ClCC(O)CCl,-0.11,2
682,682,535,"1,1,1-trifluoro-2-propanol",FC(F)(F)C(O)C,0.3,2
683,683,537,4-chlorophenol,Oc(ccc(c1)Cl)c1,-0.7,2
684,684,538,3-chlorophenol,c1ccc(Cl)cc1O,-0.7,2
685,685,539,4-bromophenol,Oc(ccc(c1)Br)c1,-1.09,1
686,686,540,"2,4-dichlorophenol",c1cc(Cl)cc(Cl)c1O,-1.55,1
687,687,542,"2,4,5-trichlorophenol",c1c(Cl)c(Cl)cc(Cl)c1O,-2.21,1
688,688,543,pentachlorophenol,Oc(c(c(c(c1Cl)Cl)Cl)Cl)c1Cl,-4.28,0
689,689,544,3-methyl-4-chlorophenol,c1cc(Cl)c(C)cc1O,-1.57,1
690,690,545,chloroacetic_acid,O=C(O)CCl,0.93,2
691,691,547,o-chlorobenzoic_acid,O=C(O)c(c(ccc1)Cl)c1,-1.89,1
692,692,548,m-chlorobenzoic_acid,O=C(O)c(cccc1Cl)c1,-2.59,1
693,693,549,bis-(2-chloroethyl)_ether,ClCCOCCCl,-1.12,1
694,694,550,methoxychlor,COc1ccc(cc1)C(c2ccc(OC)cc2)C(Cl)(Cl)Cl,-6.89,0
695,695,552,dicamba,COc1c(Cl)ccc(Cl)c1C(O)=O,-1.7,1
696,696,553,triethylamine,CCN(CC)CC,-0.14,2
697,697,554,dipropylamine,CCCNCCC,-0.46,2
698,698,555,heptylamine,CCCCCCCN,-1.85,1
699,699,557,trimethylamine,CN(C)C,0.84,2
700,700,558,tripropylamine,CCCN(CCC)CCC,-2.28,1
701,701,559,2-ethylhexylamine,NCC(CCCC)CC,-1.71,1
702,702,560,n-dibutylamine,CCCCNCCCC,-1.44,1
703,703,562,aniline,c1ccccc1N,-0.41,2
704,704,563,"1,2-benzenediamine",c1cccc(N)c1N,-0.42,2
705,705,564,"1,4-benzenediamine",c1cc(N)ccc1N,-0.38,2
706,706,565,2-methylaniline,c1cccc(C)c1N,-0.85,2
707,707,567,4-methylaniline,c1cc(C)ccc1N,-1.21,1
708,708,568,3-methylaniline,c1ccc(C)cc1N,-0.85,2
709,709,569,benzylamine,c1ccccc1CN,-1.53,1
710,710,570,N-ethylaniline,c1ccccc1NCC,-1.7,1
711,711,572,"N,N-diethylaniline",c1ccccc1N(CC)CC,-3.03,0
712,712,573,benzidine,Nc(ccc(c(ccc(N)c1)c1)c2)c2,-2.7,1
713,713,574,diphenylamine,c1ccccc1Nc2ccccc2,-3.51,0
714,714,575,di-(p-aminophenyl)methane,Nc(ccc(c1)Cc(ccc(N)c2)c2)c1,-2.3,1
715,715,577,phenyl_hydrazine,N(N)c(cccc1)c1,0.07,2
716,716,579,"2,3-dimethylpyridine",c1ccc(C)c(C)n1,0.38,2
717,717,580,"2,4-dimethylpyridine",c1cc(C)cc(C)n1,0.38,2
718,718,582,"2,6-dimethylpyridine",Cc1cccc(C)n1,0.45,2
719,719,583,"3,4-dimethylpyridine",c1cc(C)c(C)cn1,0.36,2
720,720,584,"3,5-dimethylpyridine",c1c(C)cc(C)cn1,0.38,2
721,721,585,quinoline,n(c(c(ccc1)cc2)c1)c2,-1.3,1
722,722,587,"2,2ﾴ-bipyridine",n(c(ccc1)c(nccc2)c2)c1,-1.42,1
723,723,588,"4,4ﾴ-bipyridine",n(ccc(c1)c(ccnc2)c2)c1,-1.54,1
724,724,589,nicotine,n(cccc1C(N(CC2)C)C2)c1,0.79,2
725,725,590,isoniazid,NNC(=O)c1ccncc1,0.01,2
726,726,592,nicotinamide,O=C(N)c(cccn1)c1,0.61,2
727,727,593,3-pyridinemethanol,n(cccc1CO)c1,0.96,2
728,728,594,2-pyrazinecarboxamide,O=C(N)c(nccn1)c1,-0.91,2
729,729,595,pyrimidine,n(cccn1)c1,1.1,2
730,730,597,3-methylindole,c1ccc2c(C)cn(H)c2c1,-2.42,1
731,731,598,benzo(f)quinoline,c1ccc2c(c1)ccc3ncccc23,-3.36,0
732,732,599,benzotriazole,c1ccc2n(H)nnc2c1,-0.78,2
733,733,600,benzothiazole,c1ccc2ncsc2c1,-1.5,1
734,734,602,thiophene,s1cccc1,-1.45,1
735,735,603,biquinoline,n(c(c(ccc1)cc2)c1)c2c(nc(c(ccc3)c4)c3)c4,-5.4,0
736,736,604,indole,c1ccc2ccn(H)c2c1,-1.52,1
737,737,605,8-quinolinol,n(c(c(ccc1)cc2)c1O)c2,-2.42,1
738,738,607,indazole,c2ccc1nncc1c2,-2.16,1
739,739,608,benzoxazole,o(c(c(n1)ccc2)c2)c1,-1.16,1
740,740,609,pyridazine,n(nccc1)c1,1.1,2
741,741,610,5-hydroxyquinoline,c1cc2ncccc2c(O)c1,-2.54,1
742,742,612,2-methylbenzimidazole,N(c(c(N1(H))ccc2)c2)=C1C,-1.96,1
743,743,613,3-methylthiophene,C1(C)=CSC=C1,-2.39,1
744,744,614,2-ethylthiophene,C1=CSC(CC)=C1,-2.59,1
745,745,615,3-hydroxy-5-methylisoxazole,Cc1cc(O)no1,-0.07,2
746,746,617,phenylbutazone,O=C(N(N(C1=O)c(cccc2)c2)c(cccc3)c3)C1CCCC,-3.81,0
747,747,618,cocaine,COC(=O)C1C(CC2CCC1N2C)OC(=O)c3ccccc3,-2.23,1
748,748,619,imipramine,CN(C)CCCN2c1ccccc1CCc3ccccc23,-4.19,0
749,749,620,chlorpromazine,CN(C)CCCN2c1ccccc1Sc3ccc(Cl)cc23,-5.01,0
750,750,622,cyclobarbital,CCC1(C(=O)NC(=O)NC1=O)C2=CCCCC2,-2.17,1
751,751,623,allobarbital,C=CCC1(CC=C)C(=O)NC(=O)NC1=O,-2.06,1
752,752,624,pencillamine,CC(C)(S)C(N)C(O)=O,-0.13,2
753,753,625,haloperidol,OC2(CCN(CCCC(=O)c1ccc(F)cc1)CC2)c3ccc(Cl)cc3,-4.43,0
754,754,627,hexabarital,CN2C(=O)NC(=O)C(C)(C1=CCCCC1)C2=O,-2.74,1
755,755,628,DES,Oc(ccc(C(=C(c(ccc(O)c1)c1)CC)CC)c2)c2,-4.35,0
756,756,629,chloramphenicol,O=C(NC(C(O)c(ccc(N(=O)=O)c1)c1)CO)C(Cl)Cl,-2.11,1
757,757,630,strychnine,O=C(N(c(c(C1(C(N(C2)CC(C3C4C5OC6)=C6)C3)C2)ccc7)c7)C14)C5,-3.32,0
758,758,632,barbital,CCC1(CC)C(=O)NC(=O)NC1=O,-1.39,1
759,759,633,meprobamate,O=C(OCC(CCC)(C)COC(=O)N)N,-1.67,1
760,760,634,sulfamethazine,O=S(=O)(Nc(nc(cc1C)C)n1)c(ccc(N)c2)c2,-2.27,1
761,761,635,aminopyrine,c1ccccc1N2C(=O)C(N(C)C)=C(C)N2C,-0.63,2
762,762,637,promazine,c1ccc2Sc3ccccc3N(CCCN(C)C)c2c1,-4.3,0
763,763,638,hydrochlorthiazide,O=S(=O)(N)c(c(cc(NCNS1(=O)=O)c12)Cl)c2,-2.62,1
764,764,639,chlorothiazide,NS(=O)(=O)c1c(Cl)cc2N=CNS(=O)(=O)c2c1,-3.05,0
765,765,640,procaine,O=C(OCCN(CC)CC)c(ccc(N)c1)c1,-1.4,1
766,766,642,promethazine,c1ccc2Sc3ccccc3N(CC(C)N(C)C)c2c1,-4.26,0
767,767,643,niridazole,O=C1NCCN1c2ncc(s2)N(=O)=O,-3.22,0
768,768,644,phenacetin,CC(=O)Nc1ccc(OCC)cc1,-2.37,1
769,769,645,sulfanilamide,O=S(=O)(N)c(ccc(N)c1)c1,-1.36,1
770,770,647,fluphenazine,OCCN4CCN(CCCN2c1ccccc1Sc3ccc(cc23)C(F)(F)F)CC4,-4.15,0
771,771,648,tubercidin,c12ncnc(N)c1ccn2C3OC(CO)C(O)C3(O),-1.95,1
772,772,649,sulfathiozole,c1cc(N)ccc1S(=O)(=O)Nc2nccs2,-2.43,1
773,773,650,pentobarbital,CCCC(C)C1(CC)C(=O)NC(=O)NC1=O,-2.52,1
774,774,652,aprobarbital,CC(C)C1(CC=C)C(=O)NC(=O)NC1=O,-1.71,1
775,775,653,thiamylal,O=C1NC(=S)NC(=O)C1(CC=C)C(C)CCC,-3.46,0
776,776,654,5-butyl-5-ethylbarbituric_acid,CCCCC1(CC)C(=O)NC(=O)NC1=O,-1.64,1
777,777,655,carbromal,O=C(NC(=O)C(Br)(CC)CC)N,-2.68,1
778,778,658,phthalimide,O=C(NC(=O)c1cccc2)c12,-2.61,1
779,779,659,coumarin,c1cc2OC(=O)C=Cc2cc1,-1.89,1
780,780,660,sulfaethidole,CCc2nnc(NS(=O)(=O)c1ccc(N)cc1)s2,-1.94,1
781,781,661,eugenol,O(c(c(O)ccc1CC=C)c1)C,-1.56,1
782,782,663,phenallymal,c1ccccc1C2(CC=C)C(=O)NC(=O)NC2=O,-2.18,1
783,783,664,trifluoperazine,CN4CCN(CCCN2c1ccccc1Sc3ccc(cc23)C(F)(F)F)CC4,-4.52,0
784,784,665,sulfadimethoxine,c1cc(N)ccc1S(=O)(=O)Nc2nc(OC)nc(OC)c2,-2.96,1
785,785,666,primidone,CCC1(C(=O)NCNC1=O)c2ccccc2,-2.64,1
786,786,668,oxyphenbutazone,CCCCC1C(=O)N(N(C1=O)c2ccc(O)cc2)c3ccccc3,-3.73,0
787,787,669,trichlormethiazide,O=S(=O)(N)c(c(cc(NC(NS1(=O)=O)C(Cl)Cl)c12)Cl)c2,-2.68,1
788,788,670,lidocaine,O=C(Nc(c(ccc1)C)c1C)CN(CC)CC,-1.76,1
789,789,671,sulfanilacetamide,O=C(NS(=O)(=O)c(ccc(N)c1)c1)C,-1.23,1
790,790,673,erythritol,OCC(O)C(O)CO,0.7,2
791,791,674,ephedrine,OC(c(cccc1)c1)C(NC)C,-0.42,2
792,792,675,allopurinol,c1nc(O)c2cnnc2n1,-2.38,1
793,793,676,carbutamide,O=C(NCCCC)NS(=O)(=O)c(ccc(N)c1)c1,-2.18,1
794,794,678,metoclopramide,CCN(CC)CCNC(=O)c1cc(Cl)c(N)cc1OC,-3.18,0
795,795,679,metronidazole,Cc1ncc(N(=O)=O)n1CCO,-1.26,1
796,796,680,ethoxyzolamide,CCOc2ccc1nc(sc1c2)S(N)(=O)=O,-3.81,0
797,797,681,heptabarbital,CCC1(C(=O)NC(=O)NC1=O)C2=CCCCCC2,-3.0,0
798,798,683,eriodictyol,Oc1cc(O)c2C(=O)CC(c3cc(O)c(O)cc3)Oc2c1,-3.62,0
799,799,684,sulfaperine,c1cc(N)ccc1S(=O)(=O)Nc2ncc(C)cn2,-2.82,1
800,800,685,sulfameter,c1cc(N)ccc1S(=O)(=O)Nc2ncc(OC)cn2,-2.58,1
801,801,686,tolcyclamide,c1cc(C)ccc1S(=O)(=O)NC(=O)NC2CCCCC2,-4.21,0
802,802,688,trimethoprim,COc2cc(Cc1cnc(N)nc1N)cc(OC)c2OC,-2.86,1
803,803,689,lorazepam,OC3N=C(c1ccccc1Cl)c2cc(Cl)ccc2NC3=O,-3.6,0
804,804,690,tolazamide,Cc1ccc(cc1)S(=O)(=O)NC(=O)NN2CCCCCC2,-3.68,0
805,805,691,nitrapyrin,n(c(ccc1)C(Cl)(Cl)Cl)c1Cl,-3.76,0
806,806,693,kasugamycin,CN(C)C(=O)Nc1cccc(OC(=O)NC(C)(C)C)c1,-2.93,1
807,807,694,flurbiprofen,c1ccccc1c2c(F)cc(C(C)C(=O)O)cc2,-4.49,0
808,808,695,ditalimfos,CCOP(=S)(OCC)N2C(=O)c1ccccc1C2=O,-3.35,0
809,809,696,carboxin,CC1=C(SCCO1)C(=O)Nc2ccccc2,-3.14,0
810,810,698,chlordimenform,CN(C)C=Nc1ccc(Cl)cc1C,-2.86,1
811,811,699,nifuroxime,o1c(N(=O)(=O))ccc1C=NO,-2.19,1
812,812,700,dioxacarb,CNC(=O)Oc1ccccc1C2OCCO2,-1.57,1
813,813,701,ibuprofen,O=C(O)C(c(ccc(c1)CC(C)C)c1)C,-3.99,0
814,814,703,naprosyn,COc2ccc1cc(ccc1c2)C(C)C(O)=O,-4.16,0
815,815,704,benznidazole,c1ccccc1CNC(=O)CN2C(N(=O)=O)=NC=C2,-2.81,1
816,816,705,fenbufen,c1ccccc1c2ccc(C(=O)CCC(=O)O)cc2,-5.06,0
817,817,706,minoxidil,C1CCCCN1c2nc(N)n(=O)c(N)c2,-1.98,1
818,818,708,tetroxoprim,n1c(N)nc(N)c(Cc2cc(OC)c(OCCOC)c(OC)c2)c1,-2.1,1
819,819,709,sufentanil,C1CN(CCC2=CC=CS2)CCC1(COC)N(C(=O)CC)c3ccccc3,-3.71,0
820,820,710,flutriafol,n1cncn1CC(O)(c2ccc(F)cc2)c3ccccc3F,-3.37,0
821,821,711,5-fluorouracil,N1C(=O)NC(=O)C(F)=C1,-1.07,1
822,822,713,2-(1H)quinolinone,c1ccc2C=CC(=O)N(H)c2c1,-2.14,1
823,823,714,methyl_hydrazine,CNN,1.34,2
824,824,715,5-methyluracil,C1=C(C)C(=O)NC(=O)N1,-1.52,1
825,825,716,uracil,C1=CC(=O)NC(=O)N1,-1.48,1
826,826,718,2-ethyl-2-phenylgluterimide,CCC1(CCC(=O)NC1=O)c2ccccc2,-2.34,1
827,827,719,N-nitrosopiperidine,O=NN(CCCC1)C1,-0.17,2
828,828,720,azobenzene,N(=Nc(cccc1)c1)c(cccc2)c2,-4.45,0
829,829,721,N-methylmorpholine,O(CCN(C1)C)C1,1.0,2
830,830,723,piperidine,N(CCCC1)C1,1.07,2
831,831,724,morpholine,O(CCNC1)C1,1.06,2
832,832,725,pyrrolidine,N(CCC1)C1,1.15,2
833,833,726,2-cyanoguanidine,NC(=NC(#N))N,-0.31,2
834,834,728,1-methyluracil,C1=CC(=O)NC(=O)N1C,-0.8,2
835,835,729,pyrrolidone,O=C(NCC1)C1,1.07,2
836,836,730,N-methylpiperidine,N(CCCC1)(C1)C,0.23,2
837,837,731,N-methyl-2-pyridone,CN1C(=O)C=CC=C1,0.96,2
838,838,733,acrylonitrile,C=CC#N,0.15,2
839,839,734,benzonitrile,c1ccccc1C#N,-1.0,1
840,840,735,phthalonitrile,N#Cc(c(C#N)ccc1)c1,-2.38,1
841,841,736,hydrazobenzene,N(Nc(cccc1)c1)c(cccc2)c2,-2.92,1
842,842,738,4-aminophenol,Oc(ccc(N)c1)c1,-0.8,2
843,843,739,2-aminobenzoic_acid,c1cccc(N)c1C(=O)O,-1.52,1
844,844,740,4-aminobenzoic_acid,O=C(O)c(ccc(N)c1)c1,-0.4,2
845,845,741,O-methyl_carbamate,O=C(OC)N,0.97,2
846,846,743,O-butyl_carbamate,O=C(OCCCC)N,-0.66,2
847,847,744,O-isobutyl_carbamate,O=C(OCC(C)C)N,-0.3,2
848,848,745,O-t-butyl_carbamate,O=C(OC(C)(C)C)N,0.1,2
849,849,746,O-benzyl_carbamate,O=C(OCc1ccccc1)N,-0.35,2
850,850,748,urea,NC(=O)N,0.96,2
851,851,749,hydroxyurea,O=C(N)NO,1.12,2
852,852,750,1-nitroso-1-methylurea,O=C(N)N(C)N=O,-0.85,2
853,853,751,1-nitroso-1-ethylurea,O=C(N)N(CC)N=O,-0.96,2
854,854,753,tetramethylurea,O=C(N(C)C)N(C)C,0.94,2
855,855,754,benzylurea,NC(=O)NCc1ccccc1,-0.95,2
856,856,755,acetamide,CC(=O)N,1.58,2
857,857,756,"N,N-dimethylacetamide",CC(=O)N(C)C,1.11,2
858,858,758,benzamide,O=C(N)c(cccc1)c1,-0.96,2
859,859,759,phthalamide,O=C(N)c(c(ccc1)C(=O)N)c1,-2.92,1
860,860,760,acetanilide,O=C(Nc(cccc1)c1)C,-1.33,1
861,861,761,fenuron,O=C(N(C)C)Nc(cccc1)c1,-1.6,1
862,862,763,propoxur,CNC(=O)Oc1ccccc1OC(C)C,-2.05,1
863,863,764,morphine,C1=CC2C(N(C)C5)Cc3ccc(O)c4c3C2(C5)C(O4)C1O,-3.28,0
864,864,765,codeine,COc1ccc2CC5C3C=CC(O)C4Oc1c2C34CCN5C,-1.52,1
865,865,766,1-nitropropane,CCCN(=O)=O,-0.8,2
866,866,768,nitrobenzene,O=N(=O)c(cccc1)c1,-1.8,1
867,867,769,2-nitrotoluene,O=N(=O)c(c(ccc1)C)c1,-2.33,1
868,868,770,3-nitrotoluene,O=N(=O)c(cccc1C)c1,-2.44,1
869,869,771,4-nitrotoluene,O=N(=O)c(ccc(c1)C)c1,-2.49,1
870,870,773,4-nitrophenol,O=N(=O)c(ccc(O)c1)c1,-0.74,2
871,871,774,2-nitrophenol,O=N(=O)c(c(O)ccc1)c1,-1.74,1
872,872,775,3-nitrophenol,O=N(=O)c(cccc1O)c1,-1.01,1
873,873,776,dinoseb,O=N(=O)c(cc(N(=O)=O)c(O)c1C(CC)C)c1,-3.38,0
874,874,778,3-nitrobenzoic_acid,O=C(O)c(cccc1N(=O)=O)c1,-1.68,1
875,875,779,2-nitroanisole,O=N(=O)c(c(OC)ccc1)c1,-1.96,1
876,876,780,4-nitroanisole,O=N(=O)c(ccc(OC)c1)c1,-2.41,1
877,877,781,3-nitroaniline,O=N(=O)c(cccc1N)c1,-2.19,1
878,878,783,4-nitroaniline,O=N(=O)c(ccc(N)c1)c1,-2.37,1
879,879,784,quanidinoacetic_acid,NC(=N)NCC(=O)O,-1.51,1
880,880,785,4-chloroaniline,Nc(ccc(c1)Cl)c1,-1.66,1
881,881,786,2-chloroaniline,Nc(c(ccc1)Cl)c1,-1.52,1
882,882,788,"3,4-dichloroaniline",Nc(ccc(c1Cl)Cl)c1,-3.24,0
883,883,789,3-trifluoromethylaniline,FC(F)(F)c(cccc1N)c1,-1.47,1
884,884,790,"3,3ﾴ-dichlorobenzidine",Nc(c(cc(c(ccc(N)c1Cl)c1)c2)Cl)c2,-4.92,0
885,885,791,"2,6-dichlorobenzonitrile",Clc1cccc(Cl)c1C#N,-4.24,0
886,886,793,simazine,n(c(nc(n1)NCC)NCC)c1Cl,-4.55,0
887,887,794,trietazine,n(c(nc(n1)N(CC)CC)NCC)c1Cl,-4.06,0
888,888,795,cyanazine,CCNc1nc(Cl)nc(NC(C)(C)C#N)n1,-3.15,0
889,889,796,propazine,CC(C)Nc1nc(Cl)nc(NC(C)C)n1,-4.43,0
890,890,798,chloropham,CC(C)OC(=O)Nc1cccc(Cl)c1,-3.38,0
891,891,799,monolinuron,O=C(N(OC)C)Nc(ccc(c1)Cl)c1,-2.57,1
892,892,800,monuron,O=C(N(C)C)Nc(ccc(c1)Cl)c1,-2.89,1
893,893,801,linuron,O=C(N(OC)C)Nc(ccc(c1Cl)Cl)c1,-3.52,0
894,894,803,fluometuron,O=C(N(C)C)Nc(cccc1C(F)(F)F)c1,-3.43,0
895,895,804,propachlor,CC(C)N(C(=O)CCl)c1ccccc1,-2.48,1
896,896,805,neburon,CCCCN(C)C(=O)Nc1ccc(Cl)c(Cl)c1,-4.77,0
897,897,806,terbacil,CC1=C(Cl)C(=O)N(C(C)(C)C)C(=O)N1,-2.48,1
898,898,808,chloroxuron,CN(C)C(=O)Nc2ccc(Oc1ccc(Cl)cc1)cc2,-4.89,0
899,899,809,nitrofen,O=N(=O)c(ccc(Oc(c(cc(c1)Cl)Cl)c1)c2)c2,-5.46,0
900,900,810,trifluralin,CCCN(CCC)c1c(cc(cc1N(=O)=O)C(F)(F)F)N(=O)=O,-5.68,0
901,901,811,triadimefon,CC(C)(C)C(=O)C(Oc1ccc(Cl)cc1)n2cncn2,-3.61,0
902,902,813,butanethiol,CCCCS,-2.18,1
903,903,814,thiophenol,c1ccccc1S,-2.12,1
904,904,815,ametryn,CCNc1nc(NC(C)C)nc(SC)n1,-3.04,0
905,905,816,terbutryne,CCNc1nc(NC(C)(C)C)nc(SC)n1,-4.0,0
906,906,818,ethylenethiourea,N(C(=S)NC1)C1,-0.71,2
907,907,819,"1,3-diethylthiourea",CCNC(=S)NCC,-1.46,1
908,908,820,1-phenylthiourea,NC(=S)Nc(cccc1)c1,-1.77,1
909,909,821,2-thiouracil,n(ccc(n1)O)c1S,-2.26,1
910,910,823,saccharin,O=C(NS(=O)(=O)c1cccc2)c12,-1.64,1
911,911,824,4-toluenesulfonamide,O=S(=O)(N)c(ccc(c1)C)c1,-1.74,1
912,912,825,2-toluenesulfonamide,O=S(=O)(N)c(c(ccc1)C)c1,-2.02,1
913,913,826,oryzalin,CCCN(CCC)c1c(cc(cc1N(=O)=O)S(N)(=O)=O)N(=O)=O,-5.16,0
914,914,828,triethyl_phosphate,O=P(OCC)(OCC)OCC,0.43,2
915,915,829,tricresyl_phosphate,O=P(Oc1ccc(O)cc1C)(Oc2cc(O)ccc2C)Oc3c(O)cccc3C,-6.7,0
916,916,830,phorate,CCOP(=S)(OCC)SCSCC,-4.11,0
917,917,831,disulfoton,CCOP(=S)(OCC)SCCSCC,-4.23,0
918,918,833,prometryn,COP(=S)(OC)SCN2C(=O)c1ccccc1C2=O,-4.1,0
919,919,834,chlorpyriphos_methyl,COP(=S)(OC)Oc1nc(Cl)c(Cl)cc1Cl,-4.82,0
920,920,835,parathion_methyl,COP(=S)(OC)Oc1ccc(cc1)N(=O)=O,-3.68,0
921,921,836,dicaphton,COP(=S)(OC)Oc1ccc(cc1Cl)N(=O)=O,-4.31,0
922,922,838,ethion,CCOP(=S)(OCC)SCSP(=S)(OCC)OCC,-5.54,0
923,923,839,DEF,O=P(SCCCC)(SCCCC)SCCCC,-5.14,0
924,924,840,bromophos,COP(=S)(OC)Oc1cc(Cl)c(Br)cc1Cl,-6.09,0
925,925,841,ronnel,COP(=S)(OC)Oc1cc(Cl)c(Cl)cc1Cl,-5.72,0
926,926,843,cholic_acid,O=C(O)CCC(C(C(C(C(C(C(C(C1)CC(O)C2)(C2)C)C3)C1O)C4)(C3O)C)C4)C,-3.37,0
927,927,844,deoxycholic_acid,O=C(O)CCC(C(C(C(C(C(C(C(C1)CC(O)C2)(C2)C)C3)C1)C4)(C3O)C)C4)C,-3.95,0
928,928,845,hyodeoxycholic_acid,C1C(O)CC2CC(O)C3C4CCC(C(C)CCC(=O)O)C4(C)CCC3C2(C)C1,-3.82,0
929,929,847,chenodeoxycholic_acid,CC(CCC(O)=O)C3CCC4C2C(O)CC1CC(O)CCC1(C)C2CCC34C,-3.64,0
930,930,849,triazolam,c1cc2N3C(C)=NN=C3CN=C(c4c(Cl)cccc4)c2cc1Cl,-4.08,0
931,931,850,indomethacin,COc1ccc2n(C(=O)c3ccc(Cl)cc3)c(C)c(CC(=O)O)c2c1,-4.62,0
932,932,851,2-aminothiazole,s1c(N)ncc1,-0.36,2
933,933,852,1-naphthyl_isothiocyanate,N(c(c(c(ccc1)cc2)c1)c2)=C=S,-4.6,0
934,934,854,3-chloropropionitrile,N#CCCCl,-0.29,2
935,935,855,3-pentenenitrile,N#CCC=CC,-0.96,2
936,936,856,4-aminoacetanilide,O=C(Nc(ccc(N)c1)c1)C,-0.98,2
937,937,857,4-bromoacetanilide,O=C(Nc(ccc(c1)Br)c1)C,-3.08,0
938,938,859,4-fluoroacetanilide,O=C(Nc(ccc(c1)F)c1)C,-1.78,1
939,939,860,4-formylacetanilide,O=C(Nc(ccc(c1)C=O)c1)C,-1.58,1
940,940,861,4-iodoacetanilide,O=C(Nc(ccc(c1)I)c1)C,-3.25,0
941,941,862,4-methoxyacetanilide,O=C(Nc(ccc(c1)OC)c1)C,-1.3,1
942,942,864,cycluron,CN(C)C(=O)NC1CCCCCCC1,-2.36,1
943,943,865,dibucaine,CCCCOc2cc(C(=O)NCCN(CC)CC)c1ccccc1n2,-3.7,0
944,944,866,doxepin,CN(C)CCC=C2c1ccccc1COc3ccccc23,-3.4,0
945,945,867,fluotrimazole,FC(F)(F)c(cccc1C(n(ncn2)c2)(c(cccc3)c3)c(cccc4)c4)c1,-8.4,0
946,946,869,indoline,N(c(c(ccc1)C2)c1)C2,-1.04,1
947,947,870,isonoruron,O=C(NC1C2C3CCCC3C(C1)C2)N(C)C,-3.01,0
948,948,871,isoproturon,CC(C)c1ccc(NC(=O)N(C)C)cc1,-3.54,0
949,949,872,nalidixic_acid,Cc1ccc2C(=O)C(C(=O)O)=CN(CC)c2n1,-3.37,0
950,950,874,pipedemic_acid,C1CNCCN1c2ncc3C(=O)C(C(=O)O)=CN(CC)c3n2,-2.98,1
951,951,875,norethisterone,CC34CCC1C(CCC2=CC(=O)CCC12)C3CCC4(O)C#C,-4.57,0
952,952,876,norethisterone_acetate,CC(=O)OC3(CCC4C2CCC1=CC(=O)CCC1C2CCC34C)C#C,-4.79,0
953,953,877,6-methylprednisolone,O=C1C=C2C(C)CC3C4CCC(O)(C(=O)CO)C4(C)CC(O)C3C2(C)C=C1,-2.99,1
954,954,879,ioxynil,Oc1c(I)cc(C#N)cc1I,-3.61,0
955,955,880,thiopental,O=C1NC(=S)NC(=O)C1(CC)C(C)CCC,-3.36,0
956,956,881,alloxanthin,O=C(NC(=O)C(O)(C1=O)C(O)(C(=O)NC(=O)N2)C2=O)N1,-2.23,1
957,957,882,riboflavin,Cc1c(C)cc2N=C3C(=O)NC(=O)N=C3N(CC(O)C(O)C(O)CO)c2c1,-3.68,0
958,958,884,chloramben,O=C(O)c(c(c(N)cc1Cl)Cl)c1,-2.47,1
959,959,885,barbane,ClCC#CCOC(=O)Nc1cccc(Cl)c1,-4.37,0
960,960,886,tetracycline,CN(C)C2C1CC4C(=C(O)C1(O)C(=O)C(=C2O)C(N)=O)C(=O)c3c(O)cccc3C4(C)O,-3.12,0
961,961,887,oxytetracycline,O=C(N)C(=C(O)C(N(C)C)C(C1(O)C(O)=C(C2C(O)(c(c3c(O)cc4)c4)C)C3=O)C2O)C1=O,-3.14,0
962,962,889,L-tryptophan,O=C(O)C(N)Cc(cccc1)c1,-1.23,1
963,963,890,mebendazole,c1c(C(=O)c3ccccc3)cc2nc(NC(=O)OC)n(H)c2c1,-3.88,0
964,964,891,diphenamid,CN(C)C(=O)C(c1ccccc1)c2ccccc2,-2.98,1
965,965,892,triallate,CC(C)N(C(C)C)C(=O)SCC(Cl)=C(Cl)Cl,-4.88,0
966,966,894,methionine,O=C(O)C(N)CCSC,-0.42,2
967,967,895,pedulate,CCCCN(CC)C(=O)SCCC,-3.35,0
968,968,896,methyl_nicotinate,O=C(OC)c(cccn1)c1,-0.46,2
969,969,897,propyl-p-aminobenzoate,CCCOC(=O)c1ccc(N)cc1,-2.33,1
970,970,899,gamma-butyrolactone,O=C(OCC1)C1,1.07,2
971,971,900,methyl_gallate,O=C(OC)c(cc(O)c(O)c1O)c1,-1.24,1
972,972,901,methyl-4-hydroxybenzoate,O=C(OC)c(ccc(O)c1)c1,-1.78,1
973,973,902,ethyl_cinnamate,O=C(OCC)C=Cc(cccc1)c1,-3.0,0
974,974,904,diethyl_succinate,O=C(OCC)CCC(=O)OCC,-0.96,2
975,975,905,diallyl_phthalate,O=C(OCC=C)c(c(ccc1)C(=O)OCC=C)c1,-3.13,0
976,976,906,butyl_benzoate,O=C(OCCCC)c(cccc1)c1,-3.48,0
977,977,907,methyl-4-aminobenzoate,O=C(OC)c(ccc(N)c1)c1,-1.59,1
978,978,909,hexyl-4-aminobenzoate,CCCCCCOC(=O)c1ccc(N)cc1,-3.95,0
979,979,910,heptyl-4-aminobenzoate,CCCCCCCOC(=O)c1ccc(N)cc1,-4.6,0
980,980,911,octyl-4-aminobenzoate,CCCCCCCCOC(=O)c1ccc(N)cc1,-5.4,0
981,981,912,salicylanilide,O=C(Nc(cccc1)c1)c(c(O)ccc2)c2,-3.59,0
982,982,914,phenylhydroxylamine,ONc(cccc1)c1,-0.74,2
983,983,915,thioanisole,S(c(cccc1)c1)C,-2.39,1
984,984,916,formanilide,O=CNc(cccc1)c1,-0.68,2
985,985,917,N-acetylsulfanilamide,c1cc(NC(=O)C)ccc1S(=O)(=O)N,-1.61,1
986,986,919,3-methylacetanilide,O=C(Nc(cccc1C)c1)C,-2.09,1
987,987,920,2-nitroacetanilide,O=C(Nc(c(N(=O)=O)ccc1)c1)C,-1.91,1
988,988,921,N-methylacetanilide,O=C(N(c(cccc1)c1)C)C,-0.95,2
989,989,922,2-hydroxyacetanilide,O=C(Nc(c(O)ccc1)c1)C,-2.24,1
990,990,924,naepaine,c1cc(N)ccc1C(=O)OCCNCCCCC,-3.27,0
991,991,925,nimetazepam,c1c(N(=O)(=O))cc2C(c3ccccc3)=NCC(=O)N(C)c2c1,-3.8,0
992,992,926,stadacaine,c1cc(OCCCC)ccc1C(=O)OCCN(CC)CC,-3.84,0
993,993,927,tripelenamine,n(c(N(Cc(cccc1)c1)CCN(C)C)ccc2)c2,-2.64,1
994,994,929,medrogestone,C1C(=O)C=C2C(C)=CC3C4CCC(C(=O)C)(C)C4(C)CCC3C2(C)C1,-5.27,0
995,995,930,megestrol_acetate,C1C(=O)C=C2C(C)=CC3C4CCC(C(=O)C)(OC(=O)C)C4(C)CCC3C2(C)C1,-5.35,0
996,996,931,ethylcyclohexane,C1CCCCC1CC,-4.25,0
997,997,932,"4,5-dichloroquiaiacol",c1c(Cl)c(Cl)cc(O)c1OC,-2.53,1
998,998,934,L-carvone,O=C(C(=CCC1C(=C)C)C)C1,-2.06,1
999,999,935,Nitroguanidine,O=N(=O)NC(=N)N,-1.37,1
1000,1000,936,Chloroacetamide,O=C(N)CCl,-0.02,2
1001,1001,937,Parabanic_Acid,O=C(NC(=O)C1=O)N1,-0.4,2
1002,1002,939,beta-Iodopropionic_Acid,O=C(O)CCI,-0.43,2
1003,1003,940,Nitroglycerin,O=N(=O)OCC(ON(=O)=O)CON(=O)=O,-2.22,1
1004,1004,941,1-Acetylurea,O=C(NC(=O)C)N,-0.9,2
1005,1005,942,Glycerol,OCC(O)CO,1.12,2
1006,1006,944,Alloxan,O=C(NC(=O)C(=O)C1=O)N1,-1.25,1
1007,1007,945,5-Nitrobarbituric_Acid,O=C(NC(=O)C(N(=O)=O)C1=O)N1,-2.28,1
1008,1008,946,4(3H)-Pyrimidone,O=C1N=CN=CC1,0.59,2
1009,1009,947,Succinimide,O=C(NC(=O)C1)C1,0.3,2
1010,1010,949,"2,5-Piperazinedione",O=C(NCC(=O)N1)C1,-0.83,2
1011,1011,950,Allantoin,O=C(NC(NC(=O)N1)C1=O)N,-1.6,1
1012,1012,951,bis-(2-chloroethyl)-sulfoxide,ClCCS(=O)CCCl,-1.16,1
1013,1013,952,bis-(2.chloroethyl)-sulfone,ClCCS(=O)(=O)CCl,-1.5,1
1014,1014,954,3-Hydroxytetrahydrofuran,O(CC(O)C1)C1,1.05,2
1015,1015,955,alpha-Aminobutyric_Acid,CCC(N)C(=O)O,0.31,2
1016,1016,956,beta-Aminobutyric_Acid,O=C(O)CC(N)C,1.08,2
1017,1017,957,Threonine,O=C(O)C(N)C(O)C,-0.09,2
1018,1018,959,Orotic_Acid,C1(=O)NC(=O)NC(C(=O)O)=C1,-1.93,1
1019,1019,960,Hypoxanthine,N1C=Nc2ncnc2C1(=O),-2.29,1
1020,1020,961,2-Hydroxypyridine,n(c(O)ccc1)c1,1.02,2
1021,1021,962,3-Hydroxypyridine,n(cccc1O)c1,-0.46,2
1022,1022,964,Adenine,n(c(c(ncn1)c1n2)N)c2,-2.12,1
1023,1023,965,"1,3-Dichloro-5,5-dimethylhydantoin",O=C(N(C(C1=O)(C)C)Cl)N1Cl,-2.6,1
1024,1024,966,5-Methyl-2-thiouracil,n(cc(c(n1)O)C)c1S,-2.45,1
1025,1025,967,Methylthiouracil,n(c(O)cc(n1)C)c1S,-2.43,1
1026,1026,969,5-Ethylhydantoin,CCC1NC(=O)NC1(=O),-0.06,2
1027,1027,970,Methazolamide,CC(=O)N=C1N(C)N=C(S(=O)(=O)N)S1,-1.83,1
1028,1028,971,Glutamine,O=C(O)C(N)CCC(=O)N,-0.55,2
1029,1029,972,Dazomet,N(CSC(N1C)=S)(C1)C,-2.13,1
1030,1030,975,"4,5,7-Trichloro-2,1,3-benzothiadiazole",c1c(Cl)c(Cl)c2nsnc2c1Cl,-4.98,0
1031,1031,977,Pteridine,c1cnc2cncnc2n1,0.02,2
1032,1032,981,Urocanic_Acid,O=C(O)C=CC(N=CN1)=C1,-1.96,1
1033,1033,982,1-Methyluric_Acid,CN1C(=O)NC(NC2=O)=C(N2)C1=O,-1.56,1
1034,1034,984,Isosorbide_Dinitrate,O=N(=O)OC(C(OCC1ON(=O)=O)C1O2)C2,-2.63,1
1035,1035,985,Histidine,O=C(O)C(N)CC(N=CN1)=C1,-0.53,2
1036,1036,986,Allicin,C=CCS(=O)SCC=C,-0.83,2
1037,1037,987,Daminozide,CN(C)NC(=O)CCC(O)=O,-0.2,2
1038,1038,989,d-Quercitol,OC1C(O)C(O)C(O)C(O)C1,-0.17,2
1039,1039,990,D-Inositol,OC1C(O)C(O)C(O)C(O)C1O,0.35,2
1040,1040,991,n-Amyl_Carbamate,NC(=O)OCCCCC,-1.47,1
1041,1041,994,Sorbitol,OCC(O)C(O)C(O)C(O)CO,1.09,2
1042,1042,995,Quintozene,O=N(=O)c(c(c(c(c1Cl)Cl)Cl)Cl)c1Cl,-5.82,0
1043,1043,996,Bromoxynil,Oc1c(Br)cc(C#N)cc1Br,-3.33,0
1044,1044,997,"3,5-Diiodosalicylic_Acid",O=C(O)c(c(O)c(cc1I)I)c1,-3.31,0
1045,1045,999,o-Iodobenzoic_Acid,O=C(O)c(c(ccc1)I)c1,-2.73,1
1046,1046,1000,2-Methylpteridine,c1cnc2c(C)ncnc2n1,-0.12,2
1047,1047,1001,4-Methylpteridine,c1cnc2cnc(C)nc2n1,-0.47,2
1048,1048,1002,7-Methylpteridine,c1c(C)nc2cncnc2n1,0.06,2
1049,1049,1004,4-Methoxypteridine,c1cnc2cnc(OC)nc2n1,-1.11,1
1050,1050,1005,7-Methoxypteridine,c1c(OC)nc2cncnc2n1,-0.91,2
1051,1051,1006,2-Methylthiopteridine,c1cnc2c(SC)ncnc2n1,-1.76,1
1052,1052,1007,4-Methylthiopteridine,c1cnc2cnc(SC)nc2n1,-2.36,1
1053,1053,1009,Salicylaldehyde,O=Cc(c(O)ccc1)c1,-0.86,2
1054,1054,1010,Gallic_Acid,O=C(O)c(cc(O)c(O)c1O)c1,-1.16,1
1055,1055,1011,Salicylamide,O=C(N)c(c(O)ccc1)c1,-1.76,1
1056,1056,1012,4-Phenylsemicarbazide,c1ccccc1NC(=O)NN,-2.33,1
1057,1057,1014,Sulfaguanidine,c1cc(N)ccc1S(=O)(=O)NC(=N)N,-1.99,1
1058,1058,1015,3-Methylcyclohexanone,O=C(CCCC1C)C1,-1.87,1
1059,1059,1016,2-Methylcyclohexanone,C1CCCC(C)C1=O,-0.94,2
1060,1060,1017,n-Hexyl_Carbamate,NC(=O)OCCCCCC,-1.92,1
1061,1061,1019,Phthalic_Anhydride,O=C(OC(=O)c1cccc2)c12,-1.39,1
1062,1062,1020,Chlorfenac,O=C(O)Cc(c(ccc1Cl)Cl)c1Cl,-3.08,0
1063,1063,1021,"2,4,5-T",O=C(O)COc(c(cc(c1Cl)Cl)Cl)c1,-2.96,1
1064,1064,1022,Trifluoro-o-toluic_Acid,OC(=O)c1ccccc1C(F)(F)F,-1.6,1
1065,1065,1024,2-Chlorophenoxyacetic_Acid,OC(=O)COc1ccccc1Cl,-2.16,1
1066,1066,1025,4-Chlorophenoxyacetic_Acid,O=C(O)COc(ccc(c1)Cl)c1,-2.29,1
1067,1067,1026,Chloramben_Methyl_Ester,O=C(OC)c(c(c(N)cc1Cl)Cl)c1,-3.26,0
1068,1068,1027,Cyclohexanol_Acetate,C1CCCCC1OC(=O)C,-1.67,1
1069,1069,1029,Vanillic_Acid,O=C(O)c(ccc(O)c1OC)c1,-2.05,1
1070,1070,1030,"Phenol,_4-chloro-3,5-dimethyl-",Oc(cc(c(c1C)Cl)C)c1,-2.8,1
1071,1071,1031,m-Aminoacetophenone,c1ccc(N)cc1C(=O)C,-1.28,1
1072,1072,1032,p-Aminoacetophenone,O=C(c(ccc(N)c1)c1)C,-1.61,1
1073,1073,1034,"2,3-Xylenol",Oc(c(c(cc1)C)C)c1,-1.43,1
1074,1074,1035,"2,5-Xylenol",Oc(c(ccc1C)C)c1,-1.54,1
1075,1075,1036,"2,6-Xylenol",Oc(c(ccc1)C)c1C,-1.31,1
1076,1076,1037,"3,4-Xylenol",Oc(ccc(c1C)C)c1,-1.41,1
1077,1077,1039,Endothall,O=C(O)C(C(C(=O)O)C(O1)CC2)C12,-0.27,2
1078,1078,1040,"N,N-Diallyldichloroacetamide",O=C(N(CC=C)CC=C)C(Cl)Cl,-1.62,1
1079,1079,1041,Chloralose,O(C(OC(C1O)C(O)CO)C1O2)C2C(Cl)(Cl)Cl,-1.84,1
1080,1080,1042,Phenylethanolamine,OC(c(cccc1)c1)CN,-0.48,2
1081,1081,1044,2-Chloroallyl_Diethyldithiocarbamate,CCN(CC)C(=S)SCC(Cl)=C,-3.39,0
1082,1082,1045,"2,4-Octadione",CCCCC(=O)CC(=O)C,-1.56,1
1083,1083,1046,"3-Propyl-2,4-pentadione",CC(=O)C(CCC)C(=O)C,-0.88,2
1084,1084,1047,"5,5-Dimethyl-2,4-hexadione",CC(C)(C)C(=O)CC(=O)C,-1.63,1
1085,1085,1049,Pelletierine,N1CCCCC1CC(=O)C,-0.45,2
1086,1086,1050,Isocarbamid,O=C1NCCN1C(=O)NCC(C)C,-2.15,1
1087,1087,1051,"1,1,3-Trimethylcyclopentane",CC1(C)CC(C)CC1,-4.48,0
1088,1088,1052,"1,4-Dimethylcyclohexane",CC1CCC(C)CC1,-4.47,0
1089,1089,1054,n-Propylcyclopentane,C1C(CCC)CCC1,-4.74,0
1090,1090,1055,"trans-1,2-Dimethylcyclohexane",C1C(C)C(C)CCC1,-4.33,0
1091,1091,1056,n-Heptyl_Carbamate,NC(=O)OCCCCCCC,-2.62,1
1092,1092,1057,"2-Ethyl-1,3-hexanediol",CCCC(O)C(CC)CO,-0.54,2
1093,1093,1059,Methazole,CN2C(=O)ON(c1ccc(Cl)c(Cl)c1)C2=O,-2.82,1
1094,1094,1060,Tricyclazole,Cc1cccc2sc3nncn3c12,-2.07,1
1095,1095,1061,Dichlorprop,O=C(O)C(Oc(c(cc(c1)Cl)Cl)c1)C,-2.45,1
1096,1096,1062,Atropic_Acid,c1ccccc1C(=C)C(=O)O,-2.06,1
1097,1097,1064,(4-Chloro-2-methylphenoxy)acetic_Acid,O=C(O)COc(c(cc(c1)Cl)C)c1,-2.23,1
1098,1098,1065,"3,5-Diiodotyrosine",O=C(C(Cc1cc(c(c(c1)I)O)I)N)O,-2.86,1
1099,1099,1066,Hydrocinnamic_Acid,O=C(O)CCc(cccc1)c1,-1.41,1
1100,1100,1067,dl-Tropic_Acid,OCC(C(O)=O)c1ccccc1,-0.93,2
1101,1101,1069,p-Aminopropiophenone,O=C(c(ccc(N)c1)c1)CC,-2.63,1
1102,1102,1070,Propionanilide,c1ccccc1NC(=O)CC,-1.92,1
1103,1103,1071,m-Tolyl_Methylcarbamate,O=C(Oc(cccc1C)c1)NC,-1.8,1
1104,1104,1072,Levodopa,O=C(O)C(N)Cc(ccc(O)c1O)c1,-1.6,1
1105,1105,1074,l-Camphoronic_Acid,OC(=O)CC(C)(C(=O)O)C(C)(C)C(=O)O,-0.29,2
1106,1106,1075,Ecgonine,C1C(N2C)CC(O)C(C(=O)O)C2C1,-0.02,2
1107,1107,1076,Azelaic_Acid,O=C(O)CCCCCCCC(=O)O,-1.89,1
1108,1108,1077,Thiofanox,O=C(ON=C(C(C)(C)C)CSC)NC,-1.62,1
1109,1109,1079,n-Octyl_Carbamate,CCCCCCCCOC(=O)N,-3.3,0
1110,1110,1080,Chlordene,ClC1=C(Cl)C(Cl)(C2(Cl)Cl)C3CC=CC3C12Cl,-5.64,0
1111,1111,1081,1-Hydroxychlordene,OC1C=CC2C1C3(Cl)C(=C(Cl)C2(Cl)C3(Cl)Cl)Cl,-5.46,0
1112,1112,1082,Brompyrazone,O=C1C(Br)=C(N)C=NN1c2ccccc2,-3.12,0
1113,1113,1084,Captafol,ClC(Cl)C(Cl)(Cl)SN2C(=O)C1CC=CCC1C2=O,-5.4,0
1114,1114,1085,4-Hydroxy-2-methylquinoline,c1ccc2c(O)cc(C)nc2c1,-1.2,1
1115,1115,1086,Chlorfenprop-methyl,COC(=O)C(Cl)Cc1ccc(Cl)cc1,-3.77,0
1116,1116,1087,"2,4-DB",OC(=O)CCCOc1ccc(Cl)cc1Cl,-3.67,0
1117,1117,1089,Sulfapyrazine,c1cc(N)ccc1S(=O)(=O)Nc2cnccn2,-3.7,0
1118,1118,1090,Meconin,COc1ccc2COC(=O)c2c1OC,-1.89,1
1119,1119,1091,Opianic_Acid,OC(=O)c1c(C=O)ccc(OC)c1OC,-1.92,1
1120,1120,1092,Mecoprop,O=C(O)C(Oc(c(cc(c1)Cl)C)c1)C,-2.55,1
1121,1121,1094,Tranid,CNC(=O)ON=C1C(C2)C(C#N)CC2C1Cl,-2.08,1
1122,1122,1095,Quinethazone,CCC2NC(=O)c1cc(c(Cl)cc1N2)S(N)(=O)=O,-3.29,0
1123,1123,1096,Bentazon,O=C(N(S(=O)(=O)Nc1cccc2)C(C)C)c12,-2.68,1
1124,1124,1097,Inosine,OCC1OC(C(O)C1O)n2cnc3C(=O)NC=Nc23,-1.23,1
1125,1125,1099,Anethole,O(c(ccc(c1)C=CC)c1)C,-3.13,0
1126,1126,1100,Chlorpropamide,c1cc(Cl)ccc1S(=O)(=O)NC(=O)NCCC,-3.03,0
1127,1127,1101,Triforine,ClC(Cl)(Cl)C(NC=O)N1CCN(CC1)C(NC=O)C(Cl)(Cl)Cl,-4.19,0
1128,1128,1102,Dyphylline,O=C(N(C(=O)C(N(C=N1)CC(O)CO)=C12)C)N2C,-0.17,2
1129,1129,1104,"2,6-Diethylaniline",Nc(c(ccc1)CC)c1CC,-2.35,1
1130,1130,1105,N-Phenyldiethanolamine,OCCN(c(cccc1)c1)CCO,-0.73,2
1131,1131,1106,Camphor,O=C(C(C(C1C2)(C)C)(C2)C)C1,-1.99,1
1132,1132,1107,Citral,O=CC=C(CCC=C(C)C)C,-2.06,1
1133,1133,1109,l-Dihydrocarvone,O=C1C(C)CCC(C(C)=C)C1,-2.18,1
1134,1134,1110,d-Camphoric_Acid,O=C(O)C(C(C(C(=O)O)C1)(C)C)(C1)C,-1.42,1
1135,1135,1111,Borneol,OC(C(C(C1C2)(C)C)(C2)C)C1,-2.32,1
1136,1136,1112,Eucalyptol,O(C(CCC1C2)(C2)C)C1(C)C,-1.64,1
1137,1137,1114,Linalool,OC(C=C)(CCC=C(C)C)C,-1.99,1
1138,1138,1115,Menthol,OC(C(CCC1C)C(C)C)C1,-2.53,1
1139,1139,1116,Menadione,c1cc2C(=O)C=C(C)C(=O)c2cc1,-3.03,0
1140,1140,1117,Vasicinone,c1ccc2C(O)N3CCC(O)C3=Nc2c1,-2.07,1
1141,1141,1119,"2,7-Dimethylquinoline",n(c(c(ccc1C)cc2)c1)c2C,-1.94,1
1142,1142,1120,Sulfapyridine,O=S(=O)(Nc(nccc1)c1)c(ccc(N)c2)c2,-2.7,1
1143,1143,1121,Sulfamerazine,O=S(=O)(Nc(nccc1C)n1)c(ccc(N)c2)c2,-2.85,1
1144,1144,1122,Mefluidide,Cc1cc(C)c(NC(=O)C)cc1NS(=O)(=O)C(F)(F)F,-3.24,0
1145,1145,1124,Aminophenazone,O=C1N(c2ccccc2)N(C)C(C)=C1N,-0.62,2
1146,1146,1125,Sulfamoxole,c1cc(N)ccc1S(=O)(=O)Nc2nc(C)c(C)o2,-2.44,1
1147,1147,1126,Sulfisoxazole,O=S(=O)(Nc(onc1C)c1C)c(ccc(N)c2)c2,-2.91,1
1148,1148,1127,Cytisine,C1=CC(=O)N2CC(C3)CNCC3C2=C1,0.36,2
1149,1149,1129,Ethiofencarb,CCSCc1ccccc1OC(=O)NC,-2.09,1
1150,1150,1130,Formetanate,CNC(=O)Oc1cccc(N=CN(C)C)c1,-2.34,1
1151,1151,1131,Carbophenothion,CCOP(=S)(OCC)SCSc1ccc(Cl)cc1,-5.74,0
1152,1152,1132,Aminocarb,CNC(=O)Oc1ccc(N(C)C)c(C)c1,-2.36,1
1153,1153,1134,Dimetan,C1C(C)(C)CC(=O)C=C1OC(=O)N(C)C,-0.85,2
1154,1154,1135,Fensulfothion,CCOP(=S)(OCC)Oc1ccc(cc1)S(C)=O,-2.3,1
1155,1155,1136,Pirimicarb,CN(C)C(=O)Oc1nc(nc(C)c1C)N(C)C,-1.95,1
1156,1156,1137,Dimethirimol,Cc1c(CCCC)c(O)nc(N(C)C)n1,-2.24,1
1157,1157,1139,Cycloate,CCSC(=O)N(CC)C1CCCCC1,-3.4,0
1158,1158,1140,Methyl_Caprate,O=C(OC)CCCCCCCCC,-4.63,0
1159,1159,1141,Butylate,O=C(N(CC(C)C)CC(C)C)SCC,-3.68,0
1160,1160,1142,11-Aminoundecanoic_Acid,O=C(O)CCCCCCCCCCN,-2.7,1
1161,1161,1144,Triclosan,O(c(c(O)cc(c1)Cl)c1)c(c(cc(c2)Cl)Cl)c2,-4.46,0
1162,1162,1145,Methoxsalen,O=C1C=Cc2cc3ccoc3c(OC)c2O1,-3.66,0
1163,1163,1146,Norflurazon,c1c(C(F)(F)F)cccc1N2C(=O)C(Cl)=C(NC)C=N2,-4.04,0
1164,1164,1147,Diphenylnitrosamine,O=NN(c(cccc1)c1)c(cccc2)c2,-3.75,0
1165,1165,1149,Fenfuram,Cc1occc1C(=O)Nc2ccccc2,-3.3,0
1166,1166,1150,Dapsone,O=S(=O)(c(ccc(N)c1)c1)c(ccc(N)c2)c2,-2.82,1
1167,1167,1151,Buturon,CC(C#C)N(C)C(=O)Nc1ccc(Cl)cc1,-3.9,0
1168,1168,1152,Sulfisomidine,c1cc(N)ccc1S(=O)(=O)Nc2nc(C)nc(C)c2,-2.24,1
1169,1169,1154,Carbetamide,CCNC(=O)C(C)OC(=O)Nc1ccccc1,-1.83,1
1170,1170,1155,Glybuthiazole,c1cc(N)ccc1S(=O)(=O)Nc2nnc(C(C)(C)C)s2,-3.74,0
1171,1171,1156,Isoamyl_Salicylate,O=C(OCCC(C)C)c(c(O)ccc1)c1,-3.16,0
1172,1172,1157,Tolbutamide,O=C(NCCCC)NS(=O)(=O)c(ccc(c1)C)c1,-3.39,0
1173,1173,1159,Tributylamine,N(CCCC)(CCCC)CCCC,-3.12,0
1174,1174,1160,Niclosamide,Clc1cc(N(=O)(=O))ccc1NC(=O)c2cc(Cl)ccc2O,-4.7,0
1175,1175,1161,Niflumic_Acid,OC(=O)c1cccnc1Nc2cc(C(F)(F)F)ccc2,-4.17,0
1176,1176,1162,Phenanthridine,c1ccc2c(c1)cnc3ccccc23,-2.78,1
1177,1177,1164,Carbanilide,O=C(Nc(cccc1)c1)Nc(cccc2)c2,-3.15,0
1178,1178,1165,Pyracarbolid,CC1=C(CCCO1)C(=O)Nc2ccccc2,-2.56,1
1179,1179,1166,Pyrolan,CN(C)C(=O)Oc1cc(C)nn1c2ccccc2,-2.09,1
1180,1180,1167,Acetyl_Sulfisoxazole,c1cc(N)ccc1S(=O)(=O)N(C(=O)C)c2onc(C)c2C,-3.59,0
1181,1181,1169,Medinoterb_Acetate,CC(=O)Oc1c(N(=O)(=O))c(C)c(N(=O)(=O))cc1C(C)(C)C,-4.47,0
1182,1182,1170,Ethofumesate,CCOC2Oc1ccc(OS(C)(=O)=O)cc1C2(C)C,-3.42,0
1183,1183,1171,Ibuproxam,c1cc(CC(C)C)ccc1C(C)C(=O)NO,-3.04,0
1184,1184,1172,Salbutamol,c1c(CO)c(O)ccc1C(O)CNC(C)(C)C,-1.22,1
1185,1185,1174,Methyl_Laurate,O=C(OC)CCCCCCCCCCC,-4.69,0
1186,1186,1175,"o,p'-DDE",ClC(=C(c1ccccc1Cl)c2ccc(cc2)Cl)Cl,-6.36,0
1187,1187,1176,Alizarin,O=C(c(c(C(=O)c1c(O)c(O)cc2)ccc3)c3)c12,-2.78,1
1188,1188,1177,Difluron,O=C(NC(=O)c(c(F)ccc1)c1F)Nc(ccc(c2)Cl)c2,-6.02,0
1189,1189,1179,"2-Phenyl-3,1-benzoxazin-4-one",c1ccc2C(=O)N=C(c3ccccc3)Oc2c1,-4.61,0
1190,1190,1180,"o,p'-DDD",ClC(Cl)C(c1ccc(Cl)cc1)c2ccccc2Cl,-6.51,0
1191,1191,1181,Flufenamic_Acid,OC(=O)c1ccccc1Nc2cc(C(F)(F)F)ccc2,-4.36,0
1192,1192,1182,1-Anthranol,c1ccc2cc3ccccc3c(O)c2c1,-4.73,0
1193,1193,1184,Gentisin,Oc1ccc2Oc3cc(OC)cc(O)c3C(=O)c2c1,-2.93,1
1194,1194,1185,Dibenzamid,c1ccccc1C(=O)NC(=O)c2ccccc2,-2.27,1
1195,1195,1186,Perfluidone,Cc1cc(ccc1NS(=O)(=O)C(F)(F)F)S(=O)(=O)c2ccccc2,-3.8,0
1196,1196,1187,2-(4-Aminophenyl)-6-methyl-benzothiazole,N(c(c(S1)cc(c2)C)c2)=C1c(ccc(N)c3)c3,-3.68,0
1197,1197,1189,Khellin,CC1=CC(=O)c2c(OC)c3ccoc3c(OC)c2O1,-2.4,1
1198,1198,1190,"4,7-Dimethyl-1,10-phenanthroline",n(c(c(c(c1)C)ccc2c(ccn3)C)c23)c1,-3.97,0
1199,1199,1191,"DL-1,2-Diphenylethanol",OC(c(cccc1)c1)Cc(cccc2)c2,-2.52,1
1200,1200,1192,Hydrobenzoin,c1ccccc1C(O)C(O)c2ccccc2,-1.93,1
1201,1201,1194,Coumaphos,S=P(OCC)(OCC)Oc1ccc2C(C)=C(Cl)C(=O)Oc2c1,-5.38,0
1202,1202,1195,Dialifos,c1ccc2C(=O)N(C(CCl)SP(=S)(OCC)OCC)C(=O)c2c1,-6.34,0
1203,1203,1196,Reposal,O=C1NC(=O)NC(=O)C1(CC)C2=CC(C3)CCC3C2,-2.64,1
1204,1204,1197,Anisomycin,COc2ccc(CC1NCC(O)C1OC(C)=O)cc2,-1.61,1
1205,1205,1199,Siduron,CC1CCCCC1NC(=O)Nc2ccccc2,-4.11,0
1206,1206,1200,Karbutilate,CN(C)C(=O)Nc1cccc(OC(=O)NC(C)(C)C)c1,-2.93,1
1207,1207,1201,Bensulide,CC(C)OP(=S)(OC(C)C)SCCNS(=O)(=O)c1ccccc1,-4.2,0
1208,1208,1202,Myristyl_Alcohol,C(O)CCCCCCCCCCCCC,-6.05,0
1209,1209,1204,Chlorflurecol-methyl,c1ccc2c3ccc(Cl)cc3C(O)(C(=O)O)c2c1,-4.18,0
1210,1210,1205,Liothyronine,NC(Cc2cc(I)c(Oc1ccc(O)c(I)c1)c(I)c2)C(O)=O,-5.22,0
1211,1211,1206,Metiazinic_Acid,c1ccc2Sc3ccc(CC(=O)O)cc3N(C)c2c1,-3.94,0
1212,1212,1207,Piroxicam,CN2C(=C(O)c1ccccc1S2(=O)=O)C(=O)Nc3ccccn3,-4.16,0
1213,1213,1209,Xipamide,c1c(S(=O)(=O)N)c(Cl)cc(O)c1C(=O)Nc2c(C)cccc2C,-3.79,0
1214,1214,1210,Mefenamic_Acid,OC(=O)c1ccccc1Nc2c(C)c(C)ccc2,-3.78,0
1215,1215,1211,Ancymidol,COc1ccc(cc1)C(O)(C2CC2)c3cncnc3,-2.6,1
1216,1216,1212,Osthole,COc1ccc2C=CC(=O)Oc2c1CC=C(C)C,-4.31,0
1217,1217,1214,Santonin,O=C(OC(C(C(C=CC1=O)(CC2)C)=C1C)C23)C3C,-3.09,0
1218,1218,1215,Acetohexamide,O=C(NC(CCCC1)C1)NS(=O)(=O)c(ccc(c2)C(=O)C)c2,-2.06,1
1219,1219,1216,Meperidine,CCOC(=O)C1(CCN(C)CC1)c2ccccc2,-1.89,1
1220,1220,1217,Metalaxyl,COCC(=O)N(C(C)C(=O)OC)c1c(C)cccc1C,-1.6,1
1221,1221,1219,"d,l-Mepivacaine",O=C(Nc(c(ccc1)C)c1C)C(N(CCC2)C)C2,-1.55,1
1222,1222,1220,Parethoxycaine,c1cc(OCC)ccc1C(=O)OCCN(CC)CC,-2.71,1
1223,1223,1221,Sparteine,C1CCN2CC(C3)C4CCCCN4CC3C2C1,-1.89,1
1224,1224,1222,Pentadecanoic_Acid,O=C(O)CCCCCCCCCCCCCC,-4.31,0
1225,1225,1224,Metolazone,CC2Nc1cc(Cl)c(cc1C(=O)N2c3ccccc3C)S(N)(=O)=O,-3.78,0
1226,1226,1225,Difenoxuron,COc2ccc(Oc1ccc(NC(=O)N(C)C)cc1)cc2,-4.16,0
1227,1227,1226,Butacarb,c1c(C(C)(C)C)cc(C(C)(C)C)cc1OC(=O)NC,-4.24,0
1228,1228,1227,Cetyl_Alcohol,OCCCCCCCCCCCCCCCC,-7.26,0
1229,1229,1229,Bromopropylate,C(O)(c1ccc(Br)cc1)(c2ccc(Br)cc2)C(=O)OC(C)C,-4.93,0
1230,1230,1230,Chloropropylate,CC(C)OC(=O)C(O)(c1ccc(Cl)cc1)c2ccc(Cl)cc2,-4.53,0
1231,1231,1231,Triflupromazine,CN(C)CCCN2c1ccccc1Sc3ccc(C(F)(F)F)cc23,-5.3,0
1232,1232,1232,Piperine,O=C(N(CCCC1)C1)C=CC=Cc(ccc(OCO2)c23)c3,-3.46,0
1233,1233,1234,Napropamide,CCN(CC)C(=O)C(C)Oc1cccc2ccccc12,-3.57,0
1234,1234,1235,Scopolamine,CN1C2CC(CC1C3OC23)OC(=O)C(CO)c4ccccc4,-0.48,2
1235,1235,1236,Hyoscyamine,O=C(OC(CC(N(C1C2)C)C2)C1)C(c(cccc3)c3)CO,-1.91,1
1236,1236,1237,Butachlor,CCCCOCN(C(=O)CCl)c1c(CC)cccc1CC,-4.19,0
1237,1237,1238,Equilenin,c1c(O)cc2ccc3C4CCC(=O)C4(C)CCc3c2c1,-5.24,0
1238,1238,1239,Equilin,c1c(O)cc2CC=C3C4CCC(=O)C4(C)CCC3c2c1,-5.28,0
1239,1239,1240,Thebainone_A,c1c(OC)c(O)c2C3(C4)CC(=O)C=CC3C(N(C)C4)Cc2c1,-1.87,1
1240,1240,1241,Desipramine,CNCCCN2c1ccccc1CCc3ccccc23,-3.66,0
1241,1241,1243,alpha-Estradiol,c1c(O)cc2CCC3C4CCC(O)C4(C)CCC3c2c1,-4.84,0
1242,1242,1244,Cyhexatin,O[Sn](C1CCCCC1)(C2CCCCC2)C3CCCCC3,-5.59,0
1243,1243,1245,Stearic_Acid,O=C(O)CCCCCCCCCCCCCCCCC,-5.68,0
1244,1244,1246,Warfarin,c1ccc2C(O)=C(C(c3ccccc3)CC(=O)C)C(=O)Oc2c1,-3.89,0
1245,1245,1248,Kebuzone,CC(=O)CCC1C(=O)N(c2ccccc2)N(c3ccccc3)C1=O,-3.27,0
1246,1246,1249,Cinchonidine,OC(c(c(c(nc1)ccc2)c2)c1)C(N(CCC3C4C=C)C4)C3,-3.07,0
1247,1247,1251,Mepazine,c1ccc2Sc3ccccc3N(CC4CN(C)CCC4)c2c1,-4.74,0
1248,1248,1252,Amitraz,CN(C=Nc1ccc(C)cc1C)C=Nc2ccc(C)cc2C,-5.47,0
1249,1249,1254,Methotrimeprazine,c1ccc2Sc3ccc(OC)cc3N(CC(C)CN(C)C)c2c1,-4.22,0
1250,1250,1255,Adrenosterone,C1C(=O)C=C2CCC3C4CCC(=O)C4(C)CC(=O)C3C2(C)C1,-3.48,0
1251,1251,1256,Prasterone,C1C(O)CC2=CCC3C4CCC(=O)C4(C)CCC3C2(C)C1,-4.12,0
1252,1252,1257,Androstane-17-one,O=C1C2(C(C3CCC4C(C3CC2)(C)CCCC4)CC1)C,-6.7,0
1253,1253,1259,Androsterone,C1C(O)CC2CCC3C4CCC(=O)C4(C)CCC3C2(C)C1,-4.4,0
1254,1254,1261,Hydroxyisoandrosterone,C1C(O)CC2CCC3C4CCC(=O)C4(C)CC(O)C3C2(C)C1,-3.59,0
1255,1255,1262,Methoprene,COC(C)(C)CCCC(C)CC=CC(C)=CC(=O)OC(C)C,-5.19,0
1256,1256,1263,Amitriptyline,CN(C)CCC=C2c1ccccc1CCc3ccccc23,-4.46,0
1257,1257,1265,Quinidine,O(c(ccc(nccc1C(O)C(N(CCC2C3C=C)C3)C2)c14)c4)C,-3.37,0
1258,1258,1267,Ethinyl_Estradiol,OC(C#C)(C(C(C(C(c(c(cc(O)c1)C2)c1)C3)C2)C4)(C3)C)C4,-4.3,0
1259,1259,1268,Ajmaline,c1ccc2N(C)C3C4CC5C(CC)C(O)N4C(C56)CC3(C6O)c2c1,-2.82,1
1260,1260,1269,Amygdalin,N#CC(c2ccccc2)OC3(C(C(O)(H)C(C(O3)(COC1(C(C(O)(H)C(C(O1)(CO)H)(O)H)(O)H)H)H)(O)H)(O)H)H,-0.77,2
1261,1261,1271,Cinmetacin,c1c(OC)cc2c(CC(=O)O)c(C)n(C(=O)C=Cc3ccccc3)c2c1,-5.54,0
1262,1262,1272,Permethrin,CC1(C)C(C=C(Cl)Cl)C1C(=O)OCc3cccc(Oc2ccccc2)c3,-6.29,0
1263,1263,1273,Demeclocycline,c1cc(O)c2C(=O)C3=C(O)C4(O)C(=O)C(C(=O)N)=C(O)C(N(C)C)C4CC3C(O)c2c1Cl,-2.52,1
1264,1264,1274,Pericyazine,c1ccc2Sc3ccc(C(#N))cc3N(CCCN4CCC(O)CC4)c2c1,-3.98,0
1265,1265,1276,Aldosterone,C1C(=O)C=C2CCC3C4CCC(C(=O)CO)C4(C5O)CC(O5)C3C2(C)C1,-3.85,0
1266,1266,1277,"5,6-Dehydroisoandrosterone_Acetate",C1C(OC(=O)C)CC2=CCC3C4CCC(=O)C4(C)CCC3C2(C)C1,-4.46,0
1267,1267,1278,Cortisone_Acetate,CC(=O)OCC(=O)C3(O)CCC4C2CCC1=CC(=O)CCC1(C)C2C(=O)CC34C,-4.0,0
1268,1268,1279,Pregnenolone,C1C(O)CC2=CCC3C4CCC(C(=O)C)C4(C)CCC3C2(C)C1,-4.65,0
1269,1269,1281,Chlortetracycline,O=C(N)C(=C(O)C(N(C)C)C(C1(O)C(O)=C(C2C(O)(c(c3c(O)cc4)c4Cl)C)C3=O)C2)C1=O,-2.88,1
1270,1270,1282,Noscapine,COc2ccc1C(OC(=O)c1c2OC)C4N(C)CCc5cc3OCOc3c(OC)c45,-3.14,0
1271,1271,1283,Doxycycline,CC3C2C(O)C1C(N(C)C)C(=C(C(N)=O)C(=O)C1(O)C(=C2C(=O)c4c(O)cccc34)O)O,-2.87,1
1272,1272,1284,Testosterone_Propionate,O=C(OC(C(C(C(C(C(C(=CC(=O)C1)C2)(C1)C)C3)C2)C4)(C3)C)C4)CC,-5.37,0
1273,1273,1286,Rotenone,COc5cc4OCC3Oc2c1CC(Oc1ccc2C(=O)C3c4cc5OC)C(C)=C,-4.42,0
1274,1274,1287,Phenothrin,CC(C)=CC3C(C(=O)OCc2cccc(Oc1ccccc1)c2)C3(C)C,-5.24,0
1275,1275,1288,Delmadinone_Acetate,O=C1C=C2C(Cl)=CC3C4CCC(C(=O)C)(OC(=O)C)C4(C)CCC3C2(C)C=C1,-4.95,0
1276,1276,1289,Thiopropazate,CC(=O)OCCN4CCN(CCCN2c1ccccc1Sc3ccc(Cl)cc23)CC4,-4.7,0
1277,1277,1291,Prednisolone-21-Trimethylacetate,O=C1C=C2CCC3C4CCC(O)(C(=O)COC(=O)C(C)(C)C)C4(C)CC(O)C3C2(C)C=C1,-4.58,0
1278,1278,1292,Glycocholic_Acid,O=C(NCC(=O)O)CCC(C(C(C(C(C(C(C(C1)CC(O)C2)(C2)C)C3)C1O)C4)(C3O)C)C4)C,-5.15,0
1279,1279,1293,Rolitetracycline,c12C(=O)C3=C(O)C4(O)C(=O)C=C(O)C(N(C)C)C4CC3C(O)(C)c1cccc2,-1.42,1
1280,1280,1294,Hydrocortisone_Tebutate,C1C(=O)C=C2CCC3C4CCC(O)(C(=O)COC(=O)CC(C)(C)C)C4(C)CC(O)C3C2(C)C1,-5.51,0
1281,1281,1296,Natamycin,O1C(C)C(O)C(N)C(O)C1OC2C=CC=CC=CC=CCC(C)OC(=O)C=CC(O3)C3CC(O)CC4(O)OC(C(C(=O)O)C(O)C4)C2,-3.21,0
